
 *------------------------------------------------------------------------------------* 
 |                                                                                    | 
 |  *------------------------------------------------------------------------------*  | 
 |  |                                                                              |  | 
 |  |                                                                              |  | 
 |  |   PPP   Y   Y  TTTTT  H   H  III    A      Welcome to the Lund Monte Carlo!  |  | 
 |  |   P  P   Y Y     T    H   H   I    A A     This is PYTHIA version 8.318      |  | 
 |  |   PPP     Y      T    HHHHH   I   AAAAA    Last date of change: 16 Sep 2026  |  | 
 |  |   P       Y      T    H   H   I   A   A                                      |  | 
 |  |   P       Y      T    H   H  III  A   A    Now is 02 Oct 2026 at 15:06:51    |  | 
 |  |                                                                              |  | 
 |  |   Program documentation and an archive of historic versions is found on:     |  | 
 |  |                                                                              |  | 
 |  |                               https://pythia.org/                            |  | 
 |  |                                                                              |  | 
 |  |   PYTHIA is authored by a collaboration consisting of:                       |  | 
 |  |                                                                              |  | 
 |  |   Javira Altmann, Christian Bierlich, Naomi Cooke, Nishita Desai,            |  | 
 |  |   Ilkka Helenius, Philip Ilten, Joni Laulainen, Leif Lonnblad,               |  | 
 |  |   Stephen Mrenna, Christian Preuss, Torbjorn Sjostrand, and Peter Skands.    |  | 
 |  |                                                                              |  | 
 |  |   The complete list of authors, including contact information and            |  | 
 |  |   affiliations, can be found on https://pythia.org/.                         |  | 
 |  |   Problems or bugs should be reported on email at authors@pythia.org.        |  | 
 |  |                                                                              |  | 
 |  |   The main program reference is C. Bierlich et al,                           |  | 
 |  |   'A comprehensive guide to the physics and usage of Pythia 8.3',            |  | 
 |  |   SciPost Phys. Codebases 8-r8.3 (2022) [arXiv:2203.11601 [hep-ph]]          |  | 
 |  |                                                                              |  | 
 |  |   PYTHIA is released under the GNU General Public Licence version 2          |  | 
 |  |   or later. Please respect the MCnet Guidelines for Generator Authors        |  | 
 |  |   and Users.                                                                 |  | 
 |  |                                                                              |  | 
 |  |   Disclaimer: this program comes without any guarantees.                     |  | 
 |  |   Beware of errors and use common sense when interpreting results.           |  | 
 |  |                                                                              |  | 
 |  |   Copyright (C) 2026 Torbjorn Sjostrand                                      |  | 
 |  |                                                                              |  | 
 |  |                                                                              |  | 
 |  *------------------------------------------------------------------------------*  | 
 |                                                                                    | 
 *------------------------------------------------------------------------------------* 


 *-------  PYTHIA Process Initialization  --------------------------*
 |                                                                  |
 | We collide p+ with p+ at a CM energy of 1.300e+04 GeV            |
 |                                                                  |
 |------------------------------------------------------------------|
 |                                                    |             |
 | Subprocess                                    Code |   Estimated |
 |                                                    |    max (mb) |
 |                                                    |             |
 |------------------------------------------------------------------|
 |                                                    |             |
 | q qbar -> t tbar                               602 |   9.738e-07 |
 |                                                                  |
 *-------  End PYTHIA Process Initialization -----------------------*

 *-------  PYTHIA Multiparton Interactions Initialization  ---------* 
 |                                                                  | 
 |                   sigmaNonDiffractive =    56.42 mb              | 
 |                                                                  | 
 |    pT0 =  2.60 gives sigmaInteraction =   317.85 mb: accepted    | 
 |                                                                  | 
 *-------  End PYTHIA Multiparton Interactions Initialization  -----* 

 *-------  PYTHIA Flag + Mode + Parm + Word + FVec + MVec + PVec + WVec Settings (changes only)  ------------------* 
 |                                                                                                                 | 
 | Name                                          |                      Now |      Default         Min         Max | 
 |                                               |                          |                                      | 
 | Beams:eCM                                     |                13000.000 |    14000.000         0.0             | 
 | StringZ:useOldAExtra                          |                       on |          off                         | 
 | Top:qqbar2ttbar                               |                       on |          off                         | 
 |                                                                                                                 | 
 *-------  End PYTHIA Flag + Mode + Parm + Word + FVec + MVec + PVec + WVec Settings  -----------------------------* 

 --------  PYTHIA Particle Data Table (changed only)  ------------------------------------------------------------------------------
 
      id   name            antiName         spn chg col      m0        mWidth      mMin       mMax       tau0    res dec ext vis wid
             no onMode   bRatio   meMode     products 

 no particle data has been changed from its default value 

 --------  End PYTHIA Particle Data Table  -----------------------------------------------------------------------------------------


 --------  PYTHIA Info Listing  ---------------------------------------- 
 
 Beam A: id =   2212, pz =  6.500e+03, e =  6.500e+03, m =  9.383e-01.
 Beam B: id =   2212, pz = -6.500e+03, e =  6.500e+03, m =  9.383e-01.

 In 1: id =    2, x =  7.705e-02, pdf =  6.002e-01 at Q2 =  3.186e+04.
 In 2: id =   -2, x =  1.310e-02, pdf =  4.411e-01 at same Q2.

 Subprocess q qbar -> t tbar with code 602 is 2 -> 2.
 It has sHat =  1.706e+05,    tHat = -9.761e+04,    uHat = -1.272e+04,
       pTHat =  4.424e+01,   m3Hat =  1.742e+02,   m4Hat =  1.729e+02,
    thetaHat =  2.735e+00,  phiHat =  4.903e+00.
     alphaEM =  7.878e-03,  alphaS =  1.175e-01    at Q2 =  3.208e+04.

 Impact parameter b =  4.201e-01 gives enhancement factor =  2.846e+00.
 Max pT scale for MPI =  1.300e+04, ISR =  1.300e+04, FSR =  1.300e+04.
 Number of MPI =    18, ISR =    40, FSRproc =   128, FSRreson =    34.

 --------  End PYTHIA Info Listing  ------------------------------------

 --------  PYTHIA Event Listing  (hard process)  -----------------------------------------------------------------------------------
 
    no         id  name            status     mothers   daughters     colours      p_x        p_y        p_z         e          m 
     0         90  (system)           -11     0     0     0     0     0     0      0.000      0.000      0.000  13000.000  13000.000
     1       2212  (p+)               -12     0     0     3     0     0     0      0.000      0.000   6500.000   6500.000      0.938
     2       2212  (p+)               -12     0     0     4     0     0     0      0.000      0.000  -6500.000   6500.000      0.938
     3          2  (u)                -21     1     0     5     6   101     0      0.000      0.000    500.831    500.831      0.000
     4         -2  (ubar)             -21     2     0     5     6     0   102      0.000      0.000    -85.146     85.146      0.000
     5          6  (t)                -22     3     4     7     8   101     0      8.369    -43.441     62.565    190.304    174.196
     6         -6  (tbar)             -22     3     4     9    10     0   102     -8.369     43.441    353.121    395.673    172.932
     7         24  (W+)               -22     5     0    11    12     0     0     -6.865     25.094     82.614    117.132     78.854
     8          5  b                   23     5     0     0     0   101     0     15.233    -68.535    -20.049     73.172      4.800
     9        -24  (W-)               -22     6     0    13    14     0     0     -4.725     95.834    265.238    293.180     79.982
    10         -5  bbar                23     6     0     0     0     0   102     -3.644    -52.393     87.883    102.493      4.800
    11         -1  dbar                23     7     0     0     0     0   103     -9.552      3.148    -14.435     17.596      0.330
    12          2  u                   23     7     0     0     0   103     0      2.687     21.946     97.049     99.536      0.330
    13          1  d                   23     9     0     0     0   104     0     -2.637     81.165    107.391    134.639      0.330
    14         -2  ubar                23     9     0     0     0     0   104     -2.087     14.669    157.847    158.541      0.330
                                   Charge sum:  0.000           Momentum sum:     -0.000      0.000    415.686    585.977    413.007

 --------  End PYTHIA Event Listing  -----------------------------------------------------------------------------------------------

 --------  PYTHIA Event Listing  (complete event)  ---------------------------------------------------------------------------------
 
    no         id  name            status     mothers   daughters     colours      p_x        p_y        p_z         e          m 
     0         90  (system)           -11     0     0     0     0     0     0      0.000      0.000      0.000  13000.000  13000.000
     1       2212  (p+)               -12     0     0   743     0     0     0      0.000      0.000   6500.000   6500.000      0.938
     2       2212  (p+)               -12     0     0   744     0     0     0      0.000      0.000  -6500.000   6500.000      0.938
     3          2  (u)                -21     7     7     5     6   101     0      0.000      0.000    500.831    500.831      0.000
     4         -2  (ubar)             -21     8     0     5     6     0   102      0.000      0.000    -85.146     85.146      0.000
     5          6  (t)                -22     3     4     9     9   101     0      8.369    -43.441     62.565    190.304    174.196
     6         -6  (tbar)             -22     3     4    10    10     0   102     -8.369     43.441    353.121    395.673    172.932
     7          2  (u)                -42    12    12     3     3   101     0     -0.000      0.000    500.831    500.831      0.000
     8         21  (g)                -41    13     0    11     4   105   102      0.000     -0.000   -105.847    105.847      0.000
     9          6  (t)                -44     5     5    14    14   101     0    -13.555    -23.801     46.787    182.437    174.196
    10         -6  (tbar)             -44     6     6    15    15     0   102    -15.672     49.983    338.674    383.861    172.932
    11          2  (u)                -43     8     0    16    16   105     0     29.226    -26.182      9.524     40.380      0.330
    12          2  (u)                -42    22    22     7     7   101     0     -0.000     -0.000    500.831    500.831      0.000
    13         21  (g)                -41    23     0    17     8   105   106      0.000      0.000   -128.739    128.739      0.000
    14          6  (t)                -44     9     9    24    24   101     0     -9.901    -16.787     44.678    180.887    174.196
    15         -6  (tbar)             -44    10    10    25    25     0   102    -14.455     52.320    339.329    384.703    172.932
    16          2  (u)                -44    11    11    26    26   105     0     30.057    -24.587      8.846     39.829      0.330
    17         21  (g)                -43    13     0    27    27   102   106     -5.702    -10.946    -20.760     24.152      0.000
    18         21  (g)                -31    29    29    20    21   108   107      0.000      0.000      4.302      4.302      0.000
    19         21  (g)                -31    30     0    20    21   109   108      0.000      0.000   -189.970    189.970      0.000
    20         21  (g)                -33    18    19    31    31   110   107      4.314    -10.547     -3.749     11.996      0.000
    21         21  (g)                -33    18    19    32    32   109   110     -4.314     10.547   -181.920    182.276      0.000
    22          2  (u)                -42    59    59    12    12   101     0     -0.000     -0.000    500.831    500.831      0.000
    23         21  (g)                -41    60     0    28    13   111   106      0.000      0.000   -155.007    155.007      0.000
    24          6  (t)                -44    14    14    61    61   101     0     -5.110    -16.345     44.015    180.485    174.196
    25         -6  (tbar)             -44    15    15    62    62     0   102    -12.859     52.467    338.286    383.746    172.932
    26          2  (u)                -44    16    16    36    36   105     0     31.147    -24.487      9.765     40.807      0.330
    27         21  (g)                -44    17    17    64    64   102   106     -4.122    -10.801    -21.014     23.984      0.000
    28         21  (g)                -43    23     0    34    35   111   105     -9.056     -0.835    -25.228     26.817      0.000
    29         21  (g)                -42    37    37    18    18   108   107      0.000     -0.000      4.302      4.302      0.000
    30         21  (g)                -41    38     0    33    19   112   108     -0.000      0.000   -268.242    268.242      0.000
    31         21  (g)                -44    20    20    39    39   110   107      4.282    -10.223     -4.888     12.114      0.000
    32         21  (g)                -44    21    21    40    40   109   110     -5.038     18.024   -196.198    197.088      0.000
    33         21  (g)                -43    30     0    41    41   112   109      0.755     -7.800    -62.855     63.341      0.000
    34         21  (g)                -51    28     0    65    65   111   113    -12.426     -2.687    -20.151     23.826      0.000
    35         21  (g)                -51    28     0    66    66   113   105      7.764     -1.602     -3.699      8.748      0.000
    36          2  (u)                -52    26    26    63    63   105     0     26.753    -21.032      8.387     35.050      0.330
    37         21  (g)                -42   177     0    29    29   108   107      0.000     -0.000      4.302      4.302      0.000
    38          1  (d)                -41   178   178    42    30   112     0     -0.000      0.000   -771.325    771.325      0.000
    39         21  (g)                -44    31    31   153   154   110   107      4.073    -10.220     -5.118     12.134      0.000
    40         21  (g)                -44    32    32   155   155   109   110     -9.889     18.108   -198.996    200.062      0.000
    41         21  (g)                -44    33    33   181   181   112   109     -0.801     -7.773    -63.786     64.263      0.000
    42          1  (d)                -43    38     0   182   182   108     0      6.617     -0.115   -499.125    499.168      0.330
    43         21  (g)                -31    97     0    45    46   114   115      0.000      0.000      4.516      4.516      0.000
    44         21  (g)                -31    98    98    45    46   116   117      0.000      0.000   -819.767    819.767      0.000
    45         21  (g)                -33    43    44    99    99   114   117      4.142     -2.663   -818.415    818.430      0.000
    46         21  (g)                -33    43    44   100   100   116   115     -4.142      2.663      3.164      5.853      0.000
    47         -4  (cbar)             -31   133   133    49    50     0   118      0.000      0.000      0.247      0.247      0.000
    48         21  (g)                -31   134     0    49    50   120   119      0.000      0.000   -147.115    147.115      0.000
    49         -4  (cbar)             -33    47    48   135   135     0   119     -2.677      3.659    -27.724     28.132      1.500
    50         21  (g)                -33    47    48   136   136   120   118      2.677     -3.659   -119.143    119.230      0.000
    51         21  (g)                -31   116   116    53    54   121   122      0.000      0.000     57.544     57.544      0.000
    52         21  (g)                -31   117     0    53    54   123   124      0.000      0.000     -7.780      7.780      0.000
    53         21  (g)                -33    51    52   118   118   121   124      2.681     -3.358     -7.099      8.299      0.000
    54         21  (g)                -33    51    52   119   119   123   122     -2.681      3.358     56.864     57.026      0.000
    55         21  (g)                -31   316     0    57    58   126   127      0.000      0.000     25.126     25.126      0.000
    56          2  (u)                -31   317   317    57    58   125     0      0.000      0.000     -0.945      0.945      0.000
    57         21  (g)                -33    55    56   318   318   125   127     -4.061     -1.384     18.228     18.726      0.000
    58          2  (u)                -33    55    56   319   319   126     0      4.061      1.384      5.953      7.346      0.330
    59          2  (u)                -42    72    72    22    22   101     0     -0.000     -0.000    500.831    500.831      0.000
    60         21  (g)                -41    73     0    67    23   128   106      0.000      0.000   -167.009    167.009      0.000
    61          6  (t)                -44    24    24    74    74   101     0     -3.348    -16.227     43.815    180.384    174.196
    62         -6  (tbar)             -44    25    25    75    75     0   102    -12.271     52.507    337.890    383.383    172.932
    63          2  (u)                -44    36    36    76    76   105     0     27.097    -21.009      8.691     35.373      0.330
    64         21  (g)                -44    27    27    77    77   102   106     -3.541    -10.762    -21.090     23.940      0.000
    65         21  (g)                -44    34    34    78    78   111   113    -11.858     -2.649    -20.328     23.682      0.000
    66         21  (g)                -44    35    35    79    79   113   105      7.924     -1.592     -3.605      8.850      0.000
    67         21  (g)                -43    60     0    80    80   128   111     -4.004     -0.269    -11.551     12.228      0.000
    68         21  (g)                -31   110   110    70    71   129   130      0.000      0.000    252.125    252.125      0.000
    69         21  (g)                -31   111     0    70    71   130   131      0.000      0.000    -11.987     11.987      0.000
    70         21  (g)                -33    68    69   109   109   129   132     -2.916     -2.770    251.771    251.803      0.000
    71         21  (g)                -33    68    69   107   108   132   131      2.916      2.770    -11.634     12.309      0.000
    72          2  (u)                -42   743   743    59    59   101     0      0.000      0.000    500.831    500.831      0.000
    73         21  (g)                -41   572   572    81    60   128   133     -0.000     -0.000  -1205.088   1205.088      0.000
    74          6  (t)                -44    61    61   745   745   101     0     -4.646    -17.134     43.955    180.531    174.196
    75         -6  (tbar)             -44    62    62   140   140     0   102    -12.704     52.204    337.641    383.136    172.932
    76          2  (u)                -44    63    63    82    83   105     0     26.843    -21.186      8.573     35.256      0.330
    77         21  (g)                -44    64    64   138   139   102   106     -3.969    -11.061    -20.983     24.050      0.000
    78         21  (g)                -44    65    65   132   132   111   113    -12.276     -2.942    -20.196     23.816      0.000
    79         21  (g)                -44    66    66    84    84   113   105      7.806     -1.674     -3.669      8.786      0.000
    80         21  (g)                -44    67    67   751   751   128   111     -4.230     -0.427    -11.510     12.270      0.000
    81         21  (g)                -43    73     0   143   143   106   133      3.176      2.219  -1038.067   1038.074      0.000
    82          2  (u)                -51    76     0   518   518   134     0     17.054    -10.681      7.666     21.536      0.330
    83         21  (g)                -51    76     0   445   446   105   134     12.239    -11.030     -0.245     16.478      0.000
    84         21  (g)                -52    79    79   130   131   113   105      5.356     -1.149     -2.518      6.029      0.000
    85         21  (g)                -31   201     0    87    88   135   136      0.000      0.000      0.070      0.070      0.000
    86         21  (g)                -31   202   202    87    88   137   135      0.000      0.000   -203.417    203.417      0.000
    87          1  (d)                -33    85    86   203   203   137     0     -0.128     -3.719   -115.924    115.985      0.330
    88         -1  (dbar)             -33    85    86   204   204     0   136      0.128      3.719    -87.423     87.503      0.330
    89         21  (g)                -31   125     0    91    92   139   138      0.000      0.000      7.243      7.243      0.000
    90          2  (u)                -31   126   126    91    92   138     0      0.000      0.000    -19.040     19.040      0.000
    91         21  (g)                -33    89    90   127   127   139   140     -3.231      1.852      6.563      7.546      0.000
    92          2  (u)                -33    89    90   128   128   140     0      3.231     -1.852    -18.360     18.737      0.330
    93         21  (g)                -31   102   102    95    96   142   141      0.000      0.000   1038.714   1038.714      0.000
    94         21  (g)                -31   103     0    95    96   144   143      0.000      0.000     -0.256      0.256      0.000
    95         21  (g)                -33    93    94   104   104   144   141      0.942      3.363     11.796     12.302      0.000
    96         21  (g)                -33    93    94   105   105   142   143     -0.942     -3.363   1026.662   1026.668      0.000
    97          1  (d)                -41   191   191   101    43   114     0      0.000      0.000    108.685    108.685      0.000
    98         21  (g)                -42   192     0    44    44   116   117      0.000     -0.000   -819.767    819.767      0.000
    99         21  (g)                -44    45    45   193   193   114   117      4.145     -2.668   -819.468    819.483      0.000
   100         21  (g)                -44    46    46   194   194   116   115     -2.173     -0.141      4.249      4.775      0.000
   101          1  (d)                -43    97     0   195   195   115     0     -1.972      2.809    104.137    104.194      0.330
   102         21  (g)                -42   170   170    93    93   142   141      0.000     -0.000   1038.714   1038.714      0.000
   103         21  (g)                -41   152   152   106    94   145   143     -0.000      0.000     -0.402      0.402      0.000
   104         21  (g)                -44    95    95   172   172   144   141      2.428      0.514      5.653      6.174      0.000
   105         21  (g)                -44    96    96   173   173   142   143     -0.924     -3.396   1013.682   1013.688      0.000
   106         21  (g)                -43   103     0   150   151   145   144     -1.504      2.882     18.977     19.253      0.000
   107         21  (g)                -51    71     0   113   113   146   131      2.211      2.747    -11.700     12.220      0.000
   108         21  (g)                -51    71     0   114   114   132   146      0.616     -0.061      7.763      7.787      0.000
   109         21  (g)                -52    70    70   112   112   129   132     -2.827     -2.686    244.074    244.105      0.000
   110         21  (g)                -42   223     0    68    68   129   130      0.000      0.000    252.125    252.125      0.000
   111         21  (g)                -41   224   224   115    69   130   147     -0.000     -0.000    -14.940     14.940      0.000
   112         21  (g)                -44   109   109   225   225   129   132     -2.831     -2.686    243.510    243.541      0.000
   113         21  (g)                -44   107   107   226   226   146   131     -0.812      2.303    -11.883     12.131      0.000
   114         21  (g)                -44   108   108   227   227   132   146      0.613     -0.062      7.655      7.680      0.000
   115         21  (g)                -43   111     0   228   228   131   147      3.030      0.445     -2.097      3.712      0.000
   116         21  (g)                -42   169   169    51    51   121   122     -0.000      0.000     57.544     57.544      0.000
   117         21  (g)                -41   166   166   120    52   123   148      0.000     -0.000     -8.699      8.699      0.000
   118         21  (g)                -44    53    53   167   168   121   124      4.229     -5.048     -6.718      9.407      0.000
   119         21  (g)                -44    54    54   212   212   123   122     -2.665      3.340     53.682     53.852      0.000
   120         21  (g)                -43   117     0   164   165   124   148     -1.564      1.708      1.881      2.984      0.000
   121         21  (g)                -31   727     0   123   124   150   149      0.000      0.000   1252.096   1252.096      0.000
   122         21  (g)                -31   372   372   123   124   152   151      0.000      0.000     -2.288      2.288      0.000
   123         21  (g)                -33   121   122   370   371   152   149     -2.534     -1.570   1251.123   1251.126      0.000
   124         21  (g)                -33   121   122   657   658   150   151      2.534      1.570     -1.314      3.258      0.000
   125         21  (g)                -41   144     0   129    89   153   138     -0.000      0.000      8.407      8.407      0.000
   126          2  (u)                -42   145   145    90    90   138     0      0.000     -0.000    -19.040     19.040      0.000
   127         21  (g)                -44    91    91   146   146   139   140     -4.506      2.693      7.000      8.749      0.000
   128          2  (u)                -44    92    92   147   147   140     0      3.197     -1.829    -16.048     16.469      0.330
   129         21  (g)                -43   125     0   148   148   153   139      1.309     -0.863     -1.585      2.229      0.000
   130         -1  (dbar)             -51    84     0   447   447     0   105      5.077      0.427     -2.652      5.754      0.330
   131          1  (d)                -51    84     0   350   350   113     0     -1.710     -2.052     -3.138      4.134      0.330
   132         21  (g)                -52    78    78   348   349   111   113    -10.287     -2.465    -16.923     19.957      0.000
   133         -4  (cbar)             -42   185     0    47    47     0   118     -0.000     -0.000      0.247      0.247      0.000
   134         21  (g)                -41   186   186   137    48   154   119      0.000      0.000   -559.053    559.053      0.000
   135         -4  (cbar)             -44    49    49   187   187     0   119     -3.089      3.442    -29.327     29.728      1.500
   136         21  (g)                -44    50    50   188   188   120   118      0.920     -4.586   -125.969    126.056      0.000
   137         21  (g)                -43   134     0   189   189   154   120      2.169      1.144   -403.509    403.517      0.000
   138         21  (g)                -51    77     0   141   142   155   106     -1.746    -11.350    -17.896     21.264      0.000
   139         21  (g)                -51    77     0   219   219   102   155     -2.232      0.409     -2.465      3.350      0.000
   140         -6  (tbar)             -52    75    75   444   444     0   102    -12.695     52.085    337.018    382.572    172.932
   141         21  (g)                -51   138     0   217   218   155   156     -1.111    -11.695    -18.859     22.218      0.000
   142         21  (g)                -51   138     0   272   272   156   106     -0.546      0.406    -28.081     28.089      0.000
   143         21  (g)                -52    81    81   393   394   106   133      3.087      2.157  -1009.024   1009.031      0.000
   144         21  (g)                -41   335   335   149   125   153   157     -0.000     -0.000     29.190     29.190      0.000
   145          2  (u)                -42   336     0   126   126   138     0     -0.000     -0.000    -19.040     19.040      0.000
   146         21  (g)                -44   127   127   337   337   139   140     -2.381      3.121      7.484      8.451      0.000
   147          2  (u)                -44   128   128   338   338   140     0      3.254     -1.818    -16.237     16.662      0.330
   148         21  (g)                -44   129   129   339   339   153   139      1.396     -0.846     -1.716      2.368      0.000
   149         21  (g)                -43   144     0   340   340   138   157     -2.268     -0.458     20.619     20.748      0.000
   150         21  (g)                -51   106     0   174   174   158   144      0.281     -0.075     11.785     11.789      0.000
   151         21  (g)                -51   106     0   175   175   145   158     -1.785      2.958      6.921      7.735      0.000
   152         21  (g)                -53   171     0   103   103   145   143     -0.000      0.000     -0.672      0.672      0.000
   153         21  (g)                -51    39     0   179   179   159   107      4.727     -9.551     -4.636     11.622      0.000
   154         21  (g)                -51    39     0   183   183   110   159     -0.995     -0.045     -7.339      7.406      0.000
   155         21  (g)                -52    40    40   180   180   109   110     -9.548     17.484   -192.138    193.168      0.000
   156         21  (g)                -31   457   457   158   159   160   161      0.000      0.000     60.791     60.791      0.000
   157         21  (g)                -31   458     0   158   159   162   163      0.000      0.000     -0.884      0.884      0.000
   158         21  (g)                -33   156   157   459   459   160   163      1.030      1.747      0.321      2.054      0.000
   159         21  (g)                -33   156   157   460   460   162   161     -1.030     -1.747     59.587     59.621      0.000
   160         21  (g)                -31   230   230   162   163   164   165      0.000      0.000      0.018      0.018      0.000
   161         21  (g)                -31   231     0   162   163   166   167      0.000      0.000   -219.644    219.644      0.000
   162         21  (g)                -33   160   161   232   232   164   167      1.733     -0.976   -122.509    122.525      0.000
   163         21  (g)                -33   160   161   233   233   166   165     -1.733      0.976    -97.116     97.136      0.000
   164         21  (g)                -51   120     0   213   213   124   168     -0.560     -1.350     -0.417      1.520      0.000
   165         21  (g)                -51   120     0   214   214   168   148     -1.004      3.058      0.504      3.258      0.000
   166         21  (g)                -53   210   210   117   117   123   148      0.000     -0.000    -10.493     10.493      0.000
   167         21  (g)                -51   118     0   211   211   169   124      4.140     -5.964     -6.304      9.615      0.000
   168         21  (g)                -51   118     0   215   215   121   169      0.089      0.916      1.943      2.150      0.000
   169         21  (g)                -53   209     0   116   116   121   122     -0.000      0.000     59.902     59.902      0.000
   170         21  (g)                -42   222   222   102   102   142   141      0.000     -0.000   1038.714   1038.714      0.000
   171         21  (g)                -41   290     0   176   152   170   143     -0.000      0.000     -1.065      1.065      0.000
   172         21  (g)                -44   104   104   220   221   144   141      3.046      0.105      8.626      9.148      0.000
   173         21  (g)                -44   105   105   292   292   142   143     -0.917     -3.401   1011.637   1011.643      0.000
   174         21  (g)                -44   150   150   293   293   158   144      0.285     -0.078     12.138     12.141      0.000
   175         21  (g)                -44   151   151   294   294   145   158     -0.818      2.319      3.292      4.109      0.000
   176         21  (g)                -43   171     0   295   295   170   145     -1.596      1.055      1.956      2.736      0.000
   177         21  (g)                -41   255     0   184    37   108   171     -0.000      0.000      4.639      4.639      0.000
   178          1  (d)                -42   256   256    38    38   112     0      0.000     -0.000   -771.325    771.325      0.000
   179         21  (g)                -44   153   153   257   257   159   107      6.238     -9.596     -5.835     12.847      0.000
   180         21  (g)                -44   155   155   258   258   109   110     -9.325     17.477   -189.267    190.301      0.000
   181         21  (g)                -44    41    41   259   259   112   109     -0.698     -7.776    -63.433     63.912      0.000
   182          1  (d)                -44    42    42   260   260   108     0      6.627     -0.115   -498.677    498.721      0.330
   183         21  (g)                -44   154   154   261   261   110   159     -0.981     -0.045     -7.099      7.166      0.000
   184         21  (g)                -43   177     0   262   262   107   171     -1.860      0.056     -2.375      3.018      0.000
   185         21  (g)                -41   465     0   190   133   172   118     -0.000      0.000      0.938      0.938      0.000
   186         21  (g)                -42   344   344   134   134   154   119     -0.000     -0.000   -559.053    559.053      0.000
   187         -4  (cbar)             -44   135   135   342   343     0   119     -3.410      2.570    -25.264     25.666      1.500
   188         21  (g)                -44   136   136   206   207   120   118      0.850     -4.775   -134.820    134.907      0.000
   189         21  (g)                -44   137   137   208   208   154   120      2.163      1.128   -397.427    397.434      0.000
   190          4  (c)                -43   185     0   470   470   172     0      0.396      1.077     -0.604      1.983      1.500
   191          1  (d)                -42   796   796    97    97   114     0      0.000     -0.000    108.685    108.685      0.000
   192         21  (g)                -41   797   797   196    98   173   117     -0.000      0.000   -827.652    827.652      0.000
   193         21  (g)                -44    99    99   798   798   114   117      3.147     -1.239   -820.291    820.298      0.000
   194         21  (g)                -44   100   100   311   311   116   115     -2.173     -0.141      4.246      4.772      0.000
   195          1  (d)                -44   101   101   309   310   115     0     -1.972      2.809    104.037    104.094      0.330
   196         21  (g)                -43   192     0   390   391   173   116      0.998     -1.429     -6.959      7.174      0.000
   197         21  (g)                -31   235     0   199   200   174   175      0.000      0.000      0.040      0.040      0.000
   198         21  (g)                -31   236   236   199   200   176   174      0.000      0.000    -85.547     85.547      0.000
   199         21  (g)                -33   197   198   237   237   176   177      0.927     -1.525    -54.163     54.192      0.000
   200         21  (g)                -33   197   198   238   238   177   175     -0.927      1.525    -31.344     31.395      0.000
   201         21  (g)                -41   282     0   205    85   135   178     -0.000     -0.000      9.616      9.616      0.000
   202         21  (g)                -42   283   283    86    86   137   135     -0.000      0.000   -203.417    203.417      0.000
   203          1  (d)                -44    87    87   284   284   137     0     -0.872     -3.623   -110.307    110.371      0.330
   204         -1  (dbar)             -44    88    88   275   275     0   136     -0.858      3.846    -92.957     93.041      0.330
   205         21  (g)                -43   201     0   273   274   136   178      1.730     -0.223      9.462      9.622      0.000
   206         21  (g)                -51   188     0   468   468   179   118      0.603     -3.357    -70.493     70.575      0.000
   207         21  (g)                -51   188     0   471   471   120   179      0.705     -1.180   -148.416    148.423      0.000
   208         21  (g)                -52   189   189   469   469   154   120      1.706      0.889   -313.338    313.344      0.000
   209         21  (g)                -41   823   823   216   169   180   122      0.000     -0.000    179.580    179.580      0.000
   210         21  (g)                -42   824   824   166   166   123   148      0.000     -0.000    -10.493     10.493      0.000
   211         21  (g)                -44   167   167   382   383   169   124      4.145     -6.011     -6.378      9.695      0.000
   212         21  (g)                -44   119   119   826   826   123   122     -2.496      1.818     53.817     53.905      0.000
   213         21  (g)                -44   164   164   430   431   124   168     -0.558     -1.366     -0.432      1.538      0.000
   214         21  (g)                -44   165   165   828   828   168   148     -0.998      3.005      0.554      3.214      0.000
   215         21  (g)                -44   168   168   384   384   121   169      0.095      0.858      1.959      2.141      0.000
   216         21  (g)                -43   209     0   830   830   180   121     -0.187      1.696    119.568    119.580      0.000
   217         21  (g)                -51   141     0   270   271   181   156      0.010     -9.294    -13.115     16.074      0.000
   218         21  (g)                -51   141     0   483   484   155   181     -1.635     -2.307     -6.311      6.915      0.000
   219         21  (g)                -52   139   139   442   443   102   155     -1.719      0.315     -1.897      2.579      0.000
   220         21  (g)                -51   172     0   291   291   144   182      3.797      0.472     19.365     19.739      0.000
   221         21  (g)                -51   172     0   296   296   182   141     -0.751     -0.367      2.279      2.427      0.000
   222         21  (g)                -53   289   289   170   170   142   141      0.000     -0.000   1051.732   1051.732      0.000
   223         21  (g)                -41   240   240   229   110   183   130     -0.000      0.000    291.854    291.854      0.000
   224         21  (g)                -42   241     0   111   111   130   147      0.000      0.000    -14.940     14.940      0.000
   225         21  (g)                -44   112   112   242   242   129   132     -1.392     -2.022    243.842    243.854      0.000
   226         21  (g)                -44   113   113   243   243   146   131     -0.811      2.304    -11.868     12.116      0.000
   227         21  (g)                -44   114   114   244   244   132   146      0.658     -0.041      7.664      7.692      0.000
   228         21  (g)                -44   115   115   245   245   131   147      3.035      0.447     -2.102      3.718      0.000
   229         21  (g)                -43   223     0   246   246   183   129     -1.490     -0.688     39.379     39.413      0.000
   230         21  (g)                -42   719     0   160   160   164   165     -0.000     -0.000      0.018      0.018      0.000
   231         21  (g)                -41   720   720   234   161   184   167      0.000      0.000   -777.644    777.644      0.000
   232         21  (g)                -44   162   162   721   721   164   167      2.526     -0.630   -150.738    150.760      0.000
   233         21  (g)                -44   163   163   609   610   166   165     -1.103      1.251   -119.501    119.513      0.000
   234         21  (g)                -43   231     0   611   611   184   166     -1.423     -0.621   -507.386    507.389      0.000
   235         21  (g)                -41   276     0   239   197   174   185     -0.000      0.000      0.073      0.073      0.000
   236         21  (g)                -42   277   277   198   198   176   174      0.000     -0.000    -85.547     85.547      0.000
   237         21  (g)                -44   199   199   278   278   176   177      1.165     -1.857    -57.225     57.267      0.000
   238         21  (g)                -44   200   200   279   279   177   175     -0.517      0.951     -8.050      8.122      0.000
   239         21  (g)                -43   235     0   280   280   175   185     -0.648      0.906    -20.199     20.230      0.000
   240         21  (g)                -42   324   324   223   223   183   130     -0.000     -0.000    291.854    291.854      0.000
   241         21  (g)                -41   325     0   247   224   130   186      0.000      0.000    -31.732     31.732      0.000
   242         21  (g)                -44   225   225   326   326   129   132     -1.392     -2.022    243.889    243.902      0.000
   243         21  (g)                -44   226   226   266   266   146   131     -0.923      1.079    -11.953     12.037      0.000
   244         21  (g)                -44   227   227   328   328   132   146      0.658     -0.042      7.661      7.689      0.000
   245         21  (g)                -44   228   228   248   249   131   147      3.007      0.150     -2.132      3.690      0.000
   246         21  (g)                -44   229   229   330   330   183   129     -1.490     -0.690     39.411     39.445      0.000
   247         21  (g)                -43   241     0   250   250   147   186      0.140      1.526    -16.754     16.824      0.000
   248         21  (g)                -51   245     0   264   265   131   187      1.332     -1.277     -2.885      3.425      0.000
   249         21  (g)                -51   245     0   332   332   187   147      1.701      1.705     -2.298      3.329      0.000
   250         21  (g)                -52   247   247   331   331   147   186      0.114      1.248    -13.702     13.760      0.000
   251         21  (g)                -31   385   385   253   254   188   189      0.000      0.000     28.020     28.020      0.000
   252         21  (g)                -31   386     0   253   254   190   191      0.000      0.000     -0.129      0.129      0.000
   253         21  (g)                -33   251   252   387   387   188   191     -0.804     -1.180      4.653      4.867      0.000
   254         21  (g)                -33   251   252   388   388   190   189      0.804      1.180     23.238     23.282      0.000
   255         21  (g)                -41   772   772   263   177   192   171      0.000      0.000     25.183     25.183      0.000
   256          1  (d)                -42   300   300   178   178   112     0     -0.000      0.000   -771.325    771.325      0.000
   257         21  (g)                -44   179   179   533   533   159   107      5.295     -9.125     -4.430     11.443      0.000
   258         21  (g)                -44   180   180   269   269   109   110     -9.464     17.547   -191.674    192.708      0.000
   259         21  (g)                -44   181   181   267   268   112   109     -0.762     -7.744    -62.999     63.478      0.000
   260          1  (d)                -44   182   182   347   347   108     0      6.621     -0.112   -497.696    497.740      0.330
   261         21  (g)                -44   183   183   410   410   110   159     -0.990     -0.041     -7.227      7.295      0.000
   262         21  (g)                -44   184   184   531   532   107   171     -1.947      0.099     -2.636      3.278      0.000
   263         21  (g)                -43   255     0   345   346   192   108      1.247     -0.623     20.520     20.567      0.000
   264         21  (g)                -51   248     0   329   329   193   187      0.237     -1.483     -6.593      6.762      0.000
   265         21  (g)                -51   248     0   333   333   131   193      0.735      0.626     -0.953      1.356      0.000
   266         21  (g)                -52   243   243   327   327   146   131     -0.563      0.658     -7.293      7.344      0.000
   267         21  (g)                -51   259     0   298   299   112   194     -0.130     -6.825    -65.127     65.483      0.000
   268         21  (g)                -51   259     0   781   781   194   109     -0.896     -0.432     -3.203      3.354      0.000
   269         21  (g)                -52   258   258   408   409   109   110     -9.201     17.059   -186.343    187.348      0.000
   270         21  (g)                -51   217     0   485   485   181   195      0.353     -6.880     -8.007     10.563      0.000
   271         21  (g)                -51   217     0   758   758   195   156     -0.381     -2.385     -7.028      7.431      0.000
   272         21  (g)                -52   142   142   395   395   156   106     -0.509      0.379    -26.161     26.169      0.000
   273         21  (g)                -51   205     0   286   286   196   178      2.650      0.333      7.609      8.064      0.000
   274         21  (g)                -51   205     0   287   287   136   196     -0.923     -0.543      1.538      1.874      0.000
   275         -1  (dbar)             -52   204   204   285   285     0   136     -0.855      3.833    -92.641     92.725      0.330
   276         21  (g)                -41   354     0   281   235   197   185     -0.000      0.000      0.149      0.149      0.000
   277         21  (g)                -42   355   355   236   236   176   174      0.000     -0.000    -85.547     85.547      0.000
   278         21  (g)                -44   237   237   356   356   176   177      1.515     -1.929    -62.947     62.994      0.000
   279         21  (g)                -44   238   238   357   357   177   175      0.088      0.827     -4.148      4.230      0.000
   280         21  (g)                -44   239   239   358   358   175   185     -0.392      0.853    -12.604     12.639      0.000
   281         21  (g)                -43   276     0   359   359   197   174     -1.212      0.249     -5.699      5.832      0.000
   282         21  (g)                -41   301   301   288   201   135   198     -0.000     -0.000    119.770    119.770      0.000
   283         21  (g)                -42   302     0   202   202   137   135      0.000      0.000   -203.417    203.417      0.000
   284          1  (d)                -44   203   203   303   303   137     0     -0.869     -3.620   -110.076    110.139      0.330
   285         -1  (dbar)             -44   275   275   304   304     0   136     -0.850      3.837    -92.741     92.825      0.330
   286         21  (g)                -44   273   273   305   305   196   178      3.481      1.019      7.419      8.258      0.000
   287         21  (g)                -44   274   274   306   306   136   196     -0.742     -0.394      1.603      1.809      0.000
   288         21  (g)                -43   282     0   307   307   178   198     -1.020     -0.842    110.148    110.156      0.000
   289         21  (g)                -42   895   895   222   222   142   141      0.000     -0.000   1051.732   1051.732      0.000
   290         21  (g)                -41   896   896   297   171   170   199     -0.000      0.000   -123.848    123.848      0.000
   291         21  (g)                -44   220   220   897   897   144   182      3.589      0.543     17.410     17.785      0.000
   292         21  (g)                -44   173   173   323   323   142   143     -0.921     -3.400   1011.152   1011.158      0.000
   293         21  (g)                -44   174   174   695   695   158   144      0.283     -0.077     11.961     11.965      0.000
   294         21  (g)                -44   175   175   599   599   145   158     -1.271      2.473      4.320      5.138      0.000
   295         21  (g)                -44   176   176   597   598   170   145     -2.027      1.202      3.171      3.951      0.000
   296         21  (g)                -44   221   221   902   902   182   141     -0.833     -0.339      2.650      2.798      0.000
   297         21  (g)                -43   290     0   321   322   143   199      1.178     -0.401   -122.779    122.786      0.000
   298         21  (g)                -51   267     0   594   595   200   194     -0.631     -4.473    -34.973     35.264      0.000
   299         21  (g)                -51   267     0   596   596   112   200      0.501     -2.351    -43.638     43.705      0.000
   300          1  (d)                -53   773   773   256   256   112     0     -0.000      0.000   -784.810    784.810      0.000
   301         21  (g)                -42   865   865   282   282   135   198      0.000     -0.000    119.770    119.770      0.000
   302         21  (g)                -41   866   866   308   283   137   201     -0.000      0.000   -376.236    376.236      0.000
   303          1  (d)                -44   284   284   867   867   137     0     -0.230     -3.778   -110.078    110.144      0.330
   304         -1  (dbar)             -44   285   285   401   401     0   136     -0.312      3.704    -92.748     92.823      0.330
   305         21  (g)                -44   286   286   369   369   196   178      3.483      1.018      7.428      8.267      0.000
   306         21  (g)                -44   287   287   399   400   136   196     -0.741     -0.394      1.601      1.807      0.000
   307         21  (g)                -44   288   288   367   368   178   198     -1.020     -0.842    110.142    110.150      0.000
   308         21  (g)                -43   302     0   872   872   135   201     -1.180      0.291   -172.810    172.815      0.000
   309          1  (d)                -51   195     0   800   800   202     0     -0.844      2.649     90.956     90.999      0.330
   310         21  (g)                -51   195     0   802   802   115   202     -1.352      0.146     13.518     13.586      0.000
   311         21  (g)                -52   194   194   392   392   116   115     -1.950     -0.126      3.809      4.280      0.000
   312         21  (g)                -31   971   971   314   315   203   204      0.000      0.000     89.671     89.671      0.000
   313         21  (g)                -31   972   972   314   315   205   206      0.000      0.000     -0.045      0.045      0.000
   314         21  (g)                -33   312   313   973   973   203   206      0.808     -0.893      8.856      8.937      0.000
   315         21  (g)                -33   312   313   974   974   205   204     -0.808      0.893     80.771     80.780      0.000
   316         -2  (ubar)             -41   834   834   320    55     0   127     -0.000     -0.000    130.651    130.651      0.000
   317          2  (u)                -42   835   835    56    56   125     0      0.000     -0.000     -0.945      0.945      0.000
   318         21  (g)                -44    57    57   836   836   125   127     -4.181     -0.524     18.583     19.055      0.000
   319          2  (u)                -44    58    58   398   398   126     0      4.018      1.693      6.067      7.479      0.330
   320         -2  (ubar)             -43   316     0   396   397     0   126      0.162     -1.170    105.055    105.062      0.330
   321         21  (g)                -51   297     0   435   435   207   199      2.220     -0.925   -121.388    121.412      0.000
   322         21  (g)                -51   297     0   366   366   143   207     -1.041      0.523     -1.137      1.628      0.000
   323         21  (g)                -52   292   292   364   365   142   143     -0.920     -3.399   1010.897   1010.903      0.000
   324         21  (g)                -42   699   699   240   240   183   130     -0.000     -0.000    291.854    291.854      0.000
   325         21  (g)                -41   700     0   334   241   130   208      0.000      0.000    -51.448     51.448      0.000
   326         21  (g)                -44   242   242   376   377   129   132     -1.392     -2.022    243.904    243.916      0.000
   327         21  (g)                -44   266   266   489   490   146   131     -0.576      0.384     -7.303      7.336      0.000
   328         21  (g)                -44   244   244   666   667   132   146      0.658     -0.043      7.660      7.689      0.000
   329         21  (g)                -44   264   264   353   353   193   187      0.226     -1.733     -6.564      6.792      0.000
   330         21  (g)                -44   246   246   378   378   183   129     -1.490     -0.690     39.421     39.455      0.000
   331         21  (g)                -44   250   250   542   542   147   186      0.091      0.734    -13.722     13.742      0.000
   332         21  (g)                -44   249   249   462   463   187   147      1.696      1.599     -2.331      3.297      0.000
   333         21  (g)                -44   265   265   351   352   131   193      0.733      0.583     -0.965      1.344      0.000
   334         21  (g)                -43   325     0   709   709   186   208      0.055      1.188    -19.695     19.731      0.000
   335         21  (g)                -42   881   881   144   144   153   157     -0.000     -0.000     29.190     29.190      0.000
   336          2  (u)                -41   488   488   341   145   209     0      0.000      0.000    -28.488     28.488      0.000
   337         21  (g)                -44   146   146   521   521   139   140     -2.376      3.151      7.550      8.519      0.000
   338          2  (u)                -44   147   147   519   520   140     0      3.438     -0.816    -16.290     16.672      0.330
   339         21  (g)                -44   148   148   573   574   153   139      1.419     -0.721     -1.736      2.355      0.000
   340         21  (g)                -44   149   149   417   418   138   157     -2.267     -0.454     20.553     20.683      0.000
   341         21  (g)                -43   336     0   419   419   209   138     -0.213     -1.160     -9.375      9.449      0.000
   342         -4  (cbar)             -51   187     0   467   467     0   210     -3.179      2.576    -32.342     32.634      1.500
   343         21  (g)                -51   187     0   472   472   210   119     -0.231     -0.006     -0.188      0.298      0.000
   344         21  (g)                -53   466   466   186   186   154   119     -0.000     -0.000   -566.319    566.319      0.000
   345         21  (g)                -51   263     0   663   664   192   211     -0.535     -0.730      8.836      8.882      0.000
   346         21  (g)                -51   263     0   363   363   211   108      1.783      0.107     11.616     11.753      0.000
   347          1  (d)                -52   260   260   361   362   108     0      6.620     -0.112   -497.629    497.673      0.330
   348         21  (g)                -51   132     0   500   500   111   212     -7.810     -1.349    -13.324     15.502      0.000
   349         21  (g)                -51   132     0   498   499   212   113     -3.134     -2.003     -4.824      6.091      0.000
   350          1  (d)                -52   131   131   754   754   113     0     -1.054     -1.165     -1.913      2.498      0.330
   351         21  (g)                -51   333     0   491   491   131   213      1.541      0.003     -2.760      3.161      0.000
   352         21  (g)                -51   333     0   617   617   213   193     -0.645     -0.673     -2.952      3.095      0.000
   353         21  (g)                -52   329   329   464   464   193   187      0.062     -0.480     -1.817      1.880      0.000
   354          2  (u)                -41   420   420   360   276   197     0      0.000      0.000     10.110     10.110      0.000
   355         21  (g)                -42   421     0   277   277   176   174     -0.000      0.000    -85.547     85.547      0.000
   356         21  (g)                -44   278   278   402   403   176   177      1.340     -1.884    -54.510     54.559      0.000
   357         21  (g)                -44   279   279   404   404   177   175     -0.215      0.905     -5.073      5.158      0.000
   358         21  (g)                -44   280   280   379   380   175   185     -0.520      0.887    -14.728     14.764      0.000
   359         21  (g)                -44   281   281   425   425   197   174     -1.698      0.375    -11.049     11.185      0.000
   360          2  (u)                -43   354     0   381   381   185     0      1.093     -0.283      9.923      9.992      0.330
   361          1  (d)                -51   347     0   373   374   214     0      6.460      0.048   -497.470    497.512      0.330
   362         21  (g)                -51   347     0   375   375   108   214      0.173     -0.159     -0.074      0.246      0.000
   363         21  (g)                -52   346   346   662   662   211   108      1.770      0.106     11.532     11.667      0.000
   364         21  (g)                -51   323     0   587   587   142   215      0.037     -0.743    511.768    511.769      0.000
   365         21  (g)                -51   323     0   482   482   215   143     -0.958     -2.656    499.128    499.136      0.000
   366         21  (g)                -52   322   322   433   434   143   207     -1.041      0.523     -1.136      1.627      0.000
   367         21  (g)                -51   307     0   451   452   216   198     -0.725      0.096    102.317    102.319      0.000
   368         21  (g)                -51   307     0   453   453   178   216     -0.116     -0.885      8.207      8.255      0.000
   369         21  (g)                -52   305   305   476   476   196   178      3.304      0.966      7.046      7.842      0.000
   370         21  (g)                -51   123     0   729   729   217   149     -1.451      0.282    344.850    344.853      0.000
   371         21  (g)                -51   123     0   624   625   152   217     -1.083     -1.852    906.272    906.274      0.000
   372         21  (g)                -53   626   626   122   122   152   151      0.000      0.000     -2.289      2.289      0.000
   373          1  (d)                -51   361     0   777   777   218     0      2.595     -0.937   -219.805    219.823      0.330
   374         21  (g)                -51   361     0   582   583   214   218      3.869      0.981   -277.667    277.695      0.000
   375         21  (g)                -52   362   362   584   584   108   214      0.168     -0.155     -0.072      0.240      0.000
   376         21  (g)                -51   326     0   687   688   219   132     -1.282     -0.961    201.349    201.355      0.000
   377         21  (g)                -51   326     0   711   711   129   219     -0.701     -1.335     58.189     58.209      0.000
   378         21  (g)                -52   330   330   705   705   183   129     -0.899     -0.417     23.787     23.807      0.000
   379         21  (g)                -51   358     0   424   424   175   220      0.410      1.013     -4.003      4.149      0.000
   380         21  (g)                -51   358     0   427   427   220   185     -0.921     -0.129    -10.650     10.690      0.000
   381          2  (u)                -52   360   360   426   426   185     0      1.084     -0.281      9.847      9.916      0.330
   382         21  (g)                -51   211     0   432   432   221   124      2.964     -4.546     -5.837      7.970      0.000
   383         21  (g)                -51   211     0   563   563   169   221      1.187     -1.403     -0.398      1.881      0.000
   384         21  (g)                -52   215   215   829   829   121   169      0.088      0.796      1.816      1.985      0.000
   385         21  (g)                -42   959   959   251   251   188   189      0.000      0.000     28.020     28.020      0.000
   386         21  (g)                -41   614   614   389   252   190   222     -0.000     -0.000   -119.621    119.621      0.000
   387         21  (g)                -44   253   253   405   406   188   191     -0.728     -0.400      1.403      1.631      0.000
   388         21  (g)                -44   254   254   962   962   190   189      0.820      1.339     26.478     26.524      0.000
   389         21  (g)                -43   386     0   407   407   191   222     -0.092     -0.939   -119.482    119.486      0.000
   390         21  (g)                -51   196     0   479   479   173   223      0.348      0.516     -1.922      2.020      0.000
   391         21  (g)                -51   196     0   477   478   223   116      0.581     -1.949     -4.902      5.307      0.000
   392         21  (g)                -52   311   311   799   799   116   115     -1.880     -0.122      3.673      4.128      0.000
   393         21  (g)                -51   143     0   570   571   224   133      2.348      1.449   -504.780    504.787      0.000
   394         21  (g)                -51   143     0   450   450   106   224      0.638      0.783   -509.406    509.407      0.000
   395         21  (g)                -52   272   272   448   449   156   106     -0.408      0.304    -21.000     21.006      0.000
   396         -2  (ubar)             -51   320     0   636   637     0   225      0.428     -1.228     37.269     37.293      0.330
   397         21  (g)                -51   320     0   454   455   225   126     -0.216      0.079     67.860     67.860      0.000
   398          2  (u)                -52   319   319   456   456   126     0      3.969      1.673      5.993      7.388      0.330
   399         21  (g)                -51   306     0   474   475   226   196     -0.670     -0.673      1.558      1.825      0.000
   400         21  (g)                -51   306     0   537   538   136   226     -0.082      0.408     -3.181      3.208      0.000
   401         -1  (dbar)             -52   304   304   551   551     0   136     -0.301      3.575    -89.526     89.598      0.330
   402         21  (g)                -51   356     0   422   422   176   227      0.910     -2.039    -49.345     49.395      0.000
   403         21  (g)                -51   356     0   428   428   227   177      0.366      0.422     -6.660      6.684      0.000
   404         21  (g)                -52   357   357   423   423   177   175     -0.151      0.639     -3.578      3.638      0.000
   405         21  (g)                -51   387     0   961   961   188   228     -0.522      0.592      0.903      1.199      0.000
   406         21  (g)                -51   387     0   413   413   228   191     -0.206     -0.997     -0.090      1.022      0.000
   407         21  (g)                -52   389   389   411   412   191   222     -0.092     -0.935   -118.892    118.896      0.000
   408         21  (g)                -51   269     0   775   775   109   229     -2.455      6.173    -61.808     62.164      0.000
   409         21  (g)                -51   269     0   648   649   229   110     -6.880     10.880   -125.513    126.172      0.000
   410         21  (g)                -52   261   261   650   650   110   159     -0.856     -0.035     -6.249      6.307      0.000
   411         21  (g)                -51   407     0   612   613   230   222      0.677     -1.124    -86.763     86.773      0.000
   412         21  (g)                -51   407     0   416   416   191   230     -0.772      0.173    -32.131     32.141      0.000
   413         21  (g)                -52   406   406   414   415   228   191     -0.203     -0.980     -0.088      1.004      0.000
   414         21  (g)                -51   413     0   494   494   228   231     -0.053     -1.412     -0.707      1.580      0.000
   415         21  (g)                -51   413     0   492   493   231   191     -0.236      0.452     -2.931      2.975      0.000
   416         21  (g)                -52   412   412   510   511   191   230     -0.687      0.154    -28.581     28.590      0.000
   417         21  (g)                -51   340     0   439   440   232   157     -2.832     -0.795     19.248     19.471      0.000
   418         21  (g)                -51   340     0   441   441   138   232      0.561      0.325      1.175      1.342      0.000
   419         21  (g)                -52   341   341   486   487   209   138     -0.210     -1.144     -9.245      9.318      0.000
   420          2  (u)                -42   942   942   354   354   197     0     -0.000     -0.000     10.110     10.110      0.000
   421         21  (g)                -41   629   629   429   355   233   174      0.000      0.000   -112.148    112.148      0.000
   422         21  (g)                -44   402   402   534   535   176   227      1.110     -1.589    -49.395     49.433      0.000
   423         21  (g)                -44   404   404   945   945   177   175     -0.137      0.671     -3.578      3.643      0.000
   424         21  (g)                -44   379   379   632   632   175   220      0.426      1.050     -4.001      4.158      0.000
   425         21  (g)                -44   359   359   627   628   197   174     -1.653      0.477    -11.060     11.193      0.000
   426          2  (u)                -44   381   381   436   437   185     0      1.085     -0.281      9.839      9.908      0.330
   427         21  (g)                -44   380   380   438   438   220   185     -0.878     -0.031    -10.662     10.698      0.000
   428         21  (g)                -44   403   403   536   536   227   177      0.393      0.483     -6.664      6.693      0.000
   429         21  (g)                -43   421     0   951   951   233   176     -0.346     -0.781    -26.518     26.532      0.000
   430         21  (g)                -51   213     0   827   827   234   168      0.421     -0.655      0.149      0.793      0.000
   431         21  (g)                -51   213     0   832   832   124   234     -0.147     -1.987     -2.220      2.983      0.000
   432         21  (g)                -52   382   382   561   562   221   124      2.132     -3.269     -4.199      5.733      0.000
   433         21  (g)                -51   366     0   480   481   143   235     -0.719      1.188     -2.704      3.039      0.000
   434         21  (g)                -51   366     0   525   526   235   207     -0.262     -0.690     -1.670      1.825      0.000
   435         21  (g)                -52   321   321   527   527   207   199      2.161     -0.901   -118.151    118.174      0.000
   436          2  (u)                -51   426     0   948   948   236     0      1.297      0.414      9.203      9.309      0.330
   437         21  (g)                -51   426     0   513   514   185   236     -0.232     -0.696      0.401      0.836      0.000
   438         21  (g)                -52   427   427   515   515   220   185     -0.858     -0.031    -10.426     10.461      0.000
   439         21  (g)                -51   417     0   886   886   237   157     -2.430     -1.183     14.924     15.167      0.000
   440         21  (g)                -51   417     0   889   889   232   237     -0.233      0.486      4.678      4.709      0.000
   441         21  (g)                -52   418   418   566   566   138   232      0.392      0.227      0.822      0.938      0.000
   442         21  (g)                -51   219     0   755   755   239   155     -0.820     -0.475     -1.436      1.720      0.000
   443         21  (g)                -51   219     0   761   761   102   239     -0.877      0.839     -0.063      1.215      0.000
   444         -6  (tbar)             -52   140   140   746   746     0   102    -12.716     52.036    336.620    382.215    172.932
   445         21  (g)                -51    83     0   516   517   240   134     11.835    -10.878     -0.709     16.090      0.000
   446         21  (g)                -51    83     0   762   762   105   240      0.836     -0.113      0.237      0.877      0.000
   447         -1  (dbar)             -52   130   130   750   750     0   105      4.645      0.387     -2.425      5.265      0.330
   448         21  (g)                -51   395     0   756   756   156   241      0.320      0.275    -15.263     15.268      0.000
   449         21  (g)                -51   395     0   763   763   241   106     -0.459      0.359   -220.253    220.254      0.000
   450         21  (g)                -52   394   394   760   760   106   224      0.369      0.453   -294.890    294.891      0.000
   451         21  (g)                -51   367     0   871   871   242   198      0.323     -0.337      9.241      9.253      0.000
   452         21  (g)                -51   367     0   605   605   216   242     -1.085      0.151     95.694     95.700      0.000
   453         21  (g)                -52   368   368   603   604   178   216     -0.079     -0.603      5.589      5.622      0.000
   454         21  (g)                -51   397     0   602   602   225   243     -0.676      0.496     62.727     62.733      0.000
   455         21  (g)                -51   397     0   600   601   243   126      0.605     -0.356      5.350      5.396      0.000
   456          2  (u)                -52   398   398   651   652   126     0      3.824      1.611      5.776      7.120      0.330
   457         21  (g)                -42   560   560   156   156   160   161     -0.000     -0.000     60.791     60.791      0.000
   458         -1  (dbar)             -41   925   925   461   157     0   163      0.000      0.000    -10.394     10.394      0.000
   459         21  (g)                -44   158   158   558   559   160   163      1.630      2.196      1.283      3.021      0.000
   460         21  (g)                -44   159   159   528   529   162   161     -1.018     -1.738     58.604     58.638      0.000
   461         -1  (dbar)             -43   458     0   530   530     0   162     -0.612     -0.457     -9.489      9.526      0.330
   462         21  (g)                -51   332     0   540   541   244   147      2.016      1.319     -2.700      3.619      0.000
   463         21  (g)                -51   332     0   712   712   187   244     -0.290      0.047     -0.515      0.593      0.000
   464         21  (g)                -52   353   353   704   704   193   187      0.032     -0.246     -0.933      0.966      0.000
   465         -2  (ubar)             -41   545   545   473   185     0   118     -0.000      0.000     96.726     96.726      0.000
   466         21  (g)                -42   581   581   344   344   154   119     -0.000      0.000   -566.319    566.319      0.000
   467         -4  (cbar)             -44   342   342   807   807     0   210     -3.282      2.630    -33.952     34.244      1.500
   468         21  (g)                -44   206   206   501   502   179   118      0.574     -3.342    -69.652     69.734      0.000
   469         21  (g)                -44   208   208   506   506   154   120      1.704      0.890   -312.816    312.822      0.000
   470          4  (c)                -44   190   190   497   497   172     0     -0.091      1.330     -0.771      2.150      1.500
   471         21  (g)                -44   207   207   503   503   120   179      0.703     -1.179   -147.912    147.918      0.000
   472         21  (g)                -44   343   343   579   580   210   119     -0.270      0.014     -0.278      0.388      0.000
   473         -2  (ubar)             -43   465     0   495   496     0   172      0.663     -0.344     95.786     95.790      0.330
   474         21  (g)                -51   399     0   539   539   226   245     -0.565      0.243      0.659      0.901      0.000
   475         21  (g)                -51   399     0   876   876   245   196      0.515     -0.734      2.223      2.398      0.000
   476         21  (g)                -52   369   369   869   869   196   178      2.683      0.784      5.722      6.369      0.000
   477         21  (g)                -51   391     0   803   803   246   116     -0.266     -0.317     -2.722      2.754      0.000
   478         21  (g)                -51   391     0   804   804   223   246      1.032     -1.359     -3.201      3.627      0.000
   479         21  (g)                -52   390   390   801   801   173   223      0.163      0.242     -0.900      0.946      0.000
   480         21  (g)                -51   433     0   904   904   247   235     -1.080      1.633     -2.150      2.908      0.000
   481         21  (g)                -51   433     0   507   508   143   247      0.360     -0.448     -0.102      0.584      0.000
   482         21  (g)                -52   365   365   509   509   215   143     -0.957     -2.654    498.676    498.684      0.000
   483         21  (g)                -51   218     0   757   757   155   248     -0.453     -2.257     -5.382      5.854      0.000
   484         21  (g)                -51   218     0   591   592   248   181     -1.130     -1.064     -2.109      2.619      0.000
   485         21  (g)                -52   270   270   593   593   181   195      0.301     -5.866     -6.827      9.006      0.000
   486         21  (g)                -51   419     0   564   565   249   138      0.413     -1.140    -17.196     17.239      0.000
   487         21  (g)                -51   419     0   890   890   209   249     -0.623     -0.004     -6.416      6.446      0.000
   488          2  (u)                -53   882   882   336   336   209     0      0.000      0.000    -42.855     42.855      0.000
   489         21  (g)                -51   327     0   668   668   146   250     -0.029      0.932     -5.854      5.928      0.000
   490         21  (g)                -51   327     0   713   713   250   131     -0.121     -0.546     -2.210      2.280      0.000
   491         21  (g)                -52   351   351   615   616   131   213      1.116      0.002     -1.998      2.288      0.000
   492         21  (g)                -51   415     0   512   512   251   191     -0.006      0.585     -0.577      0.821      0.000
   493         21  (g)                -51   415     0   639   640   231   251     -0.246     -0.580     -2.578      2.654      0.000
   494         21  (g)                -52   414   414   641   641   228   231     -0.036     -0.965     -0.483      1.080      0.000
   495         -2  (ubar)             -51   473     0   554   554     0   252      0.526      0.094     94.544     94.546      0.330
   496         21  (g)                -51   473     0   552   553   252   172      0.135     -0.405      1.205      1.278      0.000
   497          4  (c)                -52   470   470   635   635   172     0     -0.088      1.298     -0.732      2.116      1.500
   498         21  (g)                -51   349     0   759   759   253   113     -2.302     -1.049     -2.565      3.603      0.000
   499         21  (g)                -51   349     0   765   765   212   253     -3.697     -1.448     -7.147      8.176      0.000
   500         21  (g)                -52   348   348   749   749   111   212     -4.944     -0.854     -8.435      9.815      0.000
   501         21  (g)                -51   468     0   543   544   254   118     -0.008     -2.025    -34.008     34.068      0.000
   502         21  (g)                -51   468     0   674   674   179   254      0.691     -1.501    -58.694     58.718      0.000
   503         21  (g)                -52   471   471   504   505   120   179      0.593     -0.995   -124.861    124.867      0.000
   504         21  (g)                -51   503     0   672   673   255   179      1.518     -0.860   -212.407    212.414      0.000
   505         21  (g)                -51   503     0   816   816   120   255     -0.154      0.267    -53.896     53.897      0.000
   506         21  (g)                -52   469   469   809   809   154   120      0.933      0.488   -171.375    171.378      0.000
   507         21  (g)                -51   481     0   690   691   256   247     -0.002      0.228     -0.252      0.340      0.000
   508         21  (g)                -51   481     0   692   692   143   256      0.356     -0.693      3.230      3.323      0.000
   509         21  (g)                -52   482   482   585   586   215   143     -0.951     -2.637    495.596    495.604      0.000
   510         21  (g)                -51   416     0   965   965   257   230     -0.766      0.639    -12.889     12.927      0.000
   511         21  (g)                -51   416     0   968   968   191   257      0.078     -0.401    -15.776     15.781      0.000
   512         21  (g)                -52   492   492   966   966   251   191     -0.005      0.501     -0.494      0.703      0.000
   513         21  (g)                -51   437     0   546   547   258   236     -0.067     -1.135     -0.366      1.194      0.000
   514         21  (g)                -51   437     0   548   548   185   258     -0.237      0.437     -0.095      0.506      0.000
   515         21  (g)                -52   438   438   630   631   220   185     -0.787     -0.028     -9.565      9.597      0.000
   516         21  (g)                -51   445     0   753   753   240   259      5.595     -4.266     -0.513      7.054      0.000
   517         21  (g)                -51   445     0   522   523   259   134      6.708     -6.905      0.015      9.627      0.000
   518          2  (u)                -52    82    82   524   524   134     0     16.586    -10.388      7.455     20.945      0.330
   519          2  (u)                -51   338     0   623   623   260     0      3.391     -0.228    -15.807     16.172      0.330
   520         21  (g)                -51   338     0   621   622   140   260      0.008     -0.535     -0.356      0.643      0.000
   521         21  (g)                -52   337   337   575   575   139   140     -2.336      3.098      7.424      8.376      0.000
   522         21  (g)                -51   517     0   766   766   259   261      6.109     -5.427     -0.196      8.173      0.000
   523         21  (g)                -51   517     0   669   670   261   134      1.701     -2.167      0.707      2.844      0.000
   524          2  (u)                -52   518   518   671   671   134     0     15.485     -9.699      6.958     19.555      0.330
   525         21  (g)                -51   434     0   906   906   235   262     -0.588     -0.272     -1.496      1.630      0.000
   526         21  (g)                -51   434     0   588   589   262   207      0.523     -0.500    -10.993     11.017      0.000
   527         21  (g)                -52   435   435   590   590   207   199      1.963     -0.818   -107.332    107.353      0.000
   528         21  (g)                -51   460     0   576   577   263   161     -0.651     -1.957     58.146     58.182      0.000
   529         21  (g)                -51   460     0   578   578   162   263     -0.373      0.214      0.356      0.558      0.000
   530         -1  (dbar)             -52   461   461   686   686     0   162     -0.606     -0.453     -9.387      9.423      0.330
   531         21  (g)                -51   262     0   779   779   264   171     -1.074      0.384     -2.396      2.653      0.000
   532         21  (g)                -51   262     0   557   557   107   264     -0.706     -0.573     -0.379      0.985      0.000
   533         21  (g)                -52   257   257   555   556   159   107      5.129     -8.838     -4.290     11.082      0.000
   534         21  (g)                -51   422     0   656   656   176   265     -0.073      0.077    -13.121     13.122      0.000
   535         21  (g)                -51   422     0   654   655   265   227      1.356     -1.453    -39.199     39.249      0.000
   536         21  (g)                -52   428   428   950   950   227   177      0.221      0.271     -3.738      3.755      0.000
   537         21  (g)                -51   400     0   549   550   136   266      0.557      0.128     -1.340      1.457      0.000
   538         21  (g)                -51   400     0   877   877   266   226     -0.735      0.322     -1.728      1.905      0.000
   539         21  (g)                -52   474   474   870   870   226   245     -0.468      0.201      0.546      0.747      0.000
   540          2  (u)                -51   462     0   707   707   244     0      1.822      0.651     -2.834      3.447      0.330
   541         -2  (ubar)             -51   462     0   714   714     0   147      0.202      0.727     -0.948      1.256      0.330
   542         21  (g)                -52   331   331   706   706   147   186      0.084      0.676    -12.640     12.658      0.000
   543         21  (g)                -51   501     0   808   808   254   267     -0.499     -0.760    -19.246     19.267      0.000
   544         21  (g)                -51   501     0   817   817   267   118      0.491     -1.264    -14.750     14.812      0.000
   545         -2  (ubar)             -53   805   805   465   465     0   118     -0.000      0.000     96.738     96.738      0.000
   546         21  (g)                -51   513     0   952   952   268   236      0.181     -0.840      0.125      0.868      0.000
   547         21  (g)                -51   513     0   955   955   258   268     -0.425      0.032     -0.562      0.705      0.000
   548         21  (g)                -52   514   514   953   953   185   258     -0.059      0.110     -0.024      0.127      0.000
   549         21  (g)                -51   537     0   874   874   269   266      0.676      0.642     -8.496      8.547      0.000
   550         21  (g)                -51   537     0   606   607   136   269     -0.145     -0.212     -0.425      0.496      0.000
   551         -1  (dbar)             -52   401   401   608   608     0   136     -0.275      3.273    -81.945     82.011      0.330
   552         21  (g)                -51   496     0   633   634   270   172      0.221     -0.868      7.815      7.867      0.000
   553         21  (g)                -51   496     0   680   680   252   270     -0.022      0.475      5.047      5.070      0.000
   554         -2  (ubar)             -52   495   495   813   813     0   252      0.461      0.081     82.886     82.888      0.330
   555         21  (g)                -51   533     0   774   774   159   271      3.853     -5.584     -3.054      7.441      0.000
   556         21  (g)                -51   533     0   788   788   271   107      1.197     -3.317     -1.278      3.751      0.000
   557         21  (g)                -52   532   532   787   787   107   264     -0.628     -0.509     -0.337      0.876      0.000
   558         -3  (sbar)             -51   459     0   926   926     0   163      0.312      0.127      0.178      0.629      0.500
   559          3  (s)                -51   459     0   567   568   160     0      1.318      2.069      1.792      3.079      0.500
   560         21  (g)                -53   569   569   457   457   160   161     -0.000     -0.000     61.478     61.478      0.000
   561         21  (g)                -51   432     0   825   825   272   124      1.709     -2.845     -2.368      4.077      0.000
   562         21  (g)                -51   432     0   833   833   221   272      0.871     -0.952     -1.980      2.364      0.000
   563         21  (g)                -52   383   383   831   831   169   221      0.740     -0.874     -0.248      1.172      0.000
   564         21  (g)                -51   486     0   887   887   249   273     -0.304     -0.914    -10.085     10.131      0.000
   565         21  (g)                -51   486     0   892   892   273   138      0.726     -0.220     -7.090      7.131      0.000
   566         21  (g)                -52   441   441   888   888   138   232      0.383      0.222      0.801      0.915      0.000
   567          3  (s)                -51   559     0   930   930   274     0      0.705      1.782      2.175      2.941      0.500
   568         21  (g)                -51   559     0   931   931   160   274      0.613      0.287      0.181      0.701      0.000
   569         21  (g)                -53   924   924   560   560   160   161     -0.000     -0.000     62.041     62.041      0.000
   570         21  (g)                -51   393     0   675   676   224   275      0.800      0.059    -99.986     99.989      0.000
   571         21  (g)                -51   393     0   677   677   275   133      1.548      1.389   -500.649    500.653      0.000
   572         21  (g)                -53   744   744    73    73   128   133     -0.000     -0.000  -1300.943   1300.943      0.000
   573         21  (g)                -51   339     0   885   885   153   276      1.427     -0.377     -0.795      1.676      0.000
   574         21  (g)                -51   339     0   893   893   276   139     -0.055     -0.283     -0.795      0.845      0.000
   575         21  (g)                -52   521   521   883   883   139   140     -2.289      3.037      7.276      8.210      0.000
   576         21  (g)                -51   528     0   927   927   277   161     -0.788     -2.183     55.070     55.119      0.000
   577         21  (g)                -51   528     0   932   932   263   277      0.093      0.251      3.117      3.129      0.000
   578         21  (g)                -52   529   529   684   685   162   263     -0.330      0.189      0.314      0.493      0.000
   579         21  (g)                -51   472     0   812   812   210   278      0.068      0.553     -2.661      2.719      0.000
   580         21  (g)                -51   472     0   819   819   278   119     -0.338     -0.539     -3.844      3.897      0.000
   581         21  (g)                -53   806   806   466   466   154   119     -0.000      0.000   -572.547    572.547      0.000
   582         21  (g)                -51   374     0   785   785   279   218      4.136      0.920   -268.140    268.174      0.000
   583         21  (g)                -51   374     0   620   620   214   279     -0.258      0.054     -9.530      9.534      0.000
   584         21  (g)                -52   375   375   618   619   108   214      0.160     -0.147     -0.069      0.228      0.000
   585         21  (g)                -51   509     0   647   647   280   143     -0.588     -0.605    110.391    110.395      0.000
   586         21  (g)                -51   509     0   645   646   215   280     -0.352     -2.244    530.705    530.709      0.000
   587         21  (g)                -52   364   364   898   898   142   215      0.026     -0.531    366.268    366.269      0.000
   588         21  (g)                -51   526     0   909   909   262   281      0.761     -0.642    -17.881     17.909      0.000
   589         21  (g)                -51   526     0   911   911   281   207      0.836     -0.307    -51.866     51.874      0.000
   590         21  (g)                -52   527   527   903   903   207   199      0.888     -0.370    -48.577     48.587      0.000
   591         21  (g)                -51   484     0   764   764   248   282     -1.170     -1.148     -2.025      2.606      0.000
   592         21  (g)                -51   484     0   769   769   282   181      0.128     -1.627     -2.075      2.640      0.000
   593         21  (g)                -52   485   485   748   748   181   195      0.213     -4.155     -4.835      6.379      0.000
   594         21  (g)                -51   298     0   776   776   283   194     -0.425     -3.125    -21.643     21.872      0.000
   595         21  (g)                -51   298     0   790   790   200   283     -0.108     -1.807    -21.849     21.924      0.000
   596         21  (g)                -52   299   299   782   782   112   200      0.403     -1.892    -35.119     35.173      0.000
   597         21  (g)                -51   295     0   901   901   170   285     -1.057      0.751      1.109      1.706      0.000
   598         21  (g)                -51   295     0   912   912   285   145     -1.787      2.040      4.837      5.546      0.000
   599         21  (g)                -52   294   294   693   694   145   158     -0.454      0.884      1.544      1.836      0.000
   600         21  (g)                -51   455     0   653   653   286   126     -0.305     -0.409      9.232      9.246      0.000
   601         21  (g)                -51   455     0   683   683   243   286      0.768      0.158      9.304      9.337      0.000
   602         21  (g)                -52   454   454   638   638   225   243     -0.534      0.392     49.541     49.546      0.000
   603         21  (g)                -51   453     0   873   873   178   287     -0.322     -0.874     22.471     22.490      0.000
   604         21  (g)                -51   453     0   879   879   287   216      0.017      0.303      3.060      3.075      0.000
   605         21  (g)                -52   452   452   875   875   216   242     -0.859      0.120     75.752     75.757      0.000
   606         21  (g)                -51   550     0   878   878   288   269     -0.648     -0.107     -5.092      5.135      0.000
   607         21  (g)                -51   550     0   880   880   136   288      0.475      0.236     -3.854      3.890      0.000
   608         -1  (dbar)             -52   551   551   868   868     0   136     -0.247      2.932    -73.423     73.483      0.330
   609         21  (g)                -51   233     0   642   643   289   165      0.161     -0.134    -14.007     14.008      0.000
   610         21  (g)                -51   233     0   644   644   166   289     -1.487      1.287   -185.057    185.067      0.000
   611         21  (g)                -52   234   234   723   723   184   166     -1.200     -0.524   -427.824    427.826      0.000
   612         21  (g)                -51   411     0   963   963   230   290      0.489     -1.100    -74.673     74.683      0.000
   613         21  (g)                -51   411     0   969   969   290   222      0.187     -0.024    -82.492     82.492      0.000
   614         21  (g)                -53   960   960   386   386   190   222     -0.000     -0.000   -190.023    190.023      0.000
   615         21  (g)                -51   491     0   708   708   131   291      0.345     -0.499     -2.540      2.611      0.000
   616         21  (g)                -51   491     0   715   715   291   213      0.538      0.258     -0.523      0.794      0.000
   617         21  (g)                -52   352   352   710   710   213   193     -0.413     -0.430     -1.887      1.979      0.000
   618         21  (g)                -51   584     0   660   661   108   292      0.220     -0.589     -2.508      2.586      0.000
   619         21  (g)                -51   584     0   791   791   292   214     -0.164      0.463     -1.408      1.492      0.000
   620         21  (g)                -52   583   583   789   789   214   279     -0.154      0.032     -5.682      5.685      0.000
   621         21  (g)                -51   520     0   891   891   140   293      0.646     -0.684     -1.141      1.479      0.000
   622         21  (g)                -51   520     0   894   894   293   260     -0.094      0.115     -1.749      1.756      0.000
   623          2  (u)                -52   519   519   884   884   260     0      2.847     -0.193    -13.273     13.580      0.330
   624         -3  (sbar)             -51   371     0   731   731     0   217     -0.756     -0.996    436.297    436.299      0.500
   625          3  (s)                -51   371     0   732   732   152     0     -0.327     -0.857    469.975    469.976      0.500
   626         21  (g)                -53   659   659   372   372   152   151      0.000      0.000     -2.289      2.289      0.000
   627         21  (g)                -51   425     0   947   947   197   294     -0.938      0.642    -12.765     12.816      0.000
   628         21  (g)                -51   425     0   956   956   294   174     -0.715     -0.165     -3.224      3.307      0.000
   629         21  (g)                -53   943   943   421   421   233   174     -0.000      0.000   -117.077    117.077      0.000
   630         21  (g)                -51   515     0   949   949   295   185     -0.042     -0.364     -1.825      1.862      0.000
   631         21  (g)                -51   515     0   957   957   220   295     -0.612      0.664     -8.990      9.036      0.000
   632         21  (g)                -52   424   424   946   946   175   220      0.293      0.722     -2.750      2.858      0.000
   633         21  (g)                -51   552     0   678   679   270   296      0.440     -1.155      6.727      6.839      0.000
   634         21  (g)                -51   552     0   820   820   296   172     -0.225      0.358      1.012      1.096      0.000
   635          4  (c)                -52   497   497   810   810   172     0     -0.083      1.226     -0.655      2.047      1.500
   636         -2  (ubar)             -51   396     0   838   838     0   297     -0.117      0.075      6.730      6.739      0.330
   637         21  (g)                -51   396     0   842   842   297   225      0.368     -1.172     46.969     46.985      0.000
   638         21  (g)                -52   602   602   681   682   225   243     -0.357      0.262     33.112     33.115      0.000
   639         21  (g)                -51   493     0   967   967   298   251     -0.212      0.165     -0.776      0.821      0.000
   640         21  (g)                -51   493     0   970   970   231   298     -0.055     -1.296     -2.078      2.449      0.000
   641         21  (g)                -52   494   494   964   964   228   231     -0.015     -0.414     -0.207      0.463      0.000
   642         21  (g)                -51   609     0   722   722   299   165     -0.019      0.115     -1.429      1.433      0.000
   643         21  (g)                -51   609     0   725   725   289   299     -0.873      0.662   -143.627    143.632      0.000
   644         21  (g)                -52   610   610   724   724   166   289     -0.434      0.376    -54.007     54.010      0.000
   645         21  (g)                -51   586     0   910   910   215   300     -0.750     -1.726    490.335    490.338      0.000
   646         21  (g)                -51   586     0   913   913   300   280     -0.109     -1.040    135.582    135.586      0.000
   647         21  (g)                -52   585   585   905   905   280   143     -0.081     -0.083     15.179     15.179      0.000
   648         21  (g)                -51   409     0   786   786   229   301     -5.617      7.856    -94.424     94.917      0.000
   649         21  (g)                -51   409     0   792   792   301   110     -1.354      3.020    -31.755     31.927      0.000
   650         21  (g)                -52   410   410   778   778   110   159     -0.765     -0.031     -5.583      5.635      0.000
   651          2  (u)                -51   456     0   837   837   302     0      3.358      1.752      5.971      7.078      0.330
   652         21  (g)                -51   456     0   843   843   126   302      0.447     -0.166      0.363      0.599      0.000
   653         21  (g)                -52   600   600   840   840   286   126     -0.286     -0.385      8.675      8.688      0.000
   654         21  (g)                -51   535     0   954   954   303   227      1.205     -1.417    -34.412     34.462      0.000
   655         21  (g)                -51   535     0   958   958   265   303      0.103      0.014    -13.403     13.404      0.000
   656         21  (g)                -52   534   534   944   944   176   265     -0.025      0.026     -4.505      4.505      0.000
   657         21  (g)                -51   124     0   730   730   150   304      2.040      0.969     -1.607      2.772      0.000
   658         21  (g)                -51   124     0   733   733   304   151      0.494      0.600      0.001      0.777      0.000
   659         21  (g)                -53   728   728   626   626   152   151      0.000      0.000     -2.581      2.581      0.000
   660         21  (g)                -51   618     0   784   784   305   292      0.599     -0.811     -2.050      2.284      0.000
   661         21  (g)                -51   618     0   696   697   108   305     -0.349      0.224     -0.268      0.494      0.000
   662         21  (g)                -52   363   363   665   665   211   108      1.741      0.104     11.341     11.475      0.000
   663         21  (g)                -51   345     0   780   780   192   306     -0.453     -0.347      2.566      2.628      0.000
   664         21  (g)                -51   345     0   794   794   306   211      0.293     -0.360      8.719      8.732      0.000
   665         21  (g)                -52   662   662   698   698   211   108      1.365      0.082      8.892      8.996      0.000
   666          1  (d)                -51   328     0   689   689   132     0      0.008      0.456      0.996      1.145      0.330
   667         -1  (dbar)             -51   328     0   716   716     0   146      0.650     -0.485      6.576      6.634      0.330
   668         21  (g)                -52   489   489   702   702   146   250     -0.028      0.918     -5.766      5.839      0.000
   669         21  (g)                -51   523     0   767   767   261   307      2.639     -1.760      0.640      3.236      0.000
   670         21  (g)                -51   523     0   770   770   307   134      1.882     -2.167      1.335      3.165      0.000
   671          2  (u)                -52   524   524   747   747   134     0     12.665     -7.941      5.691     15.999      0.330
   672         21  (g)                -51   504     0   811   811   255   308      0.943     -0.964   -186.146    186.150      0.000
   673         21  (g)                -51   504     0   821   821   308   179      0.726     -0.225    -39.161     39.168      0.000
   674         21  (g)                -52   502   502   815   815   179   254      0.539     -1.171    -45.794     45.812      0.000
   675         21  (g)                -51   570     0   752   752   224   309      1.213      1.077   -384.918    384.921      0.000
   676         21  (g)                -51   570     0   771   771   309   275      0.759      0.034    -93.874     93.877      0.000
   677         21  (g)                -52   571   571   768   768   275   133      0.377      0.338   -121.843    121.844      0.000
   678         21  (g)                -51   633     0   814   814   310   296      0.339     -1.132      8.485      8.567      0.000
   679         21  (g)                -51   633     0   822   822   270   310      0.091      0.194      0.543      0.584      0.000
   680         21  (g)                -52   553   553   818   818   252   270     -0.012      0.259      2.746      2.758      0.000
   681         21  (g)                -51   638     0   839   839   225   312     -0.261     -0.291     19.265     19.269      0.000
   682         21  (g)                -51   638     0   844   844   312   243      0.208      0.615     17.525     17.537      0.000
   683         21  (g)                -52   601   601   841   841   243   286      0.464      0.095      5.626      5.646      0.000
   684         21  (g)                -51   578     0   929   929   313   263      0.141     -0.360     -0.709      0.807      0.000
   685         21  (g)                -51   578     0   933   933   162   313     -0.537      0.499     -0.023      0.734      0.000
   686         -1  (dbar)             -52   530   530   928   928     0   162     -0.539     -0.402     -8.341      8.375      0.330
   687         21  (g)                -51   376     0   701   701   219   314     -1.609     -0.942    186.977    186.986      0.000
   688         21  (g)                -51   376     0   717   717   314   132      0.327      0.002     14.384     14.388      0.000
   689          1  (d)                -52   666   666   703   703   132     0      0.007      0.436      0.985      1.126      0.330
   690         21  (g)                -51   507     0   907   907   315   247      0.170      0.433      0.631      0.784      0.000
   691         21  (g)                -51   507     0   914   914   256   315     -0.082     -0.379     -0.069      0.394      0.000
   692         21  (g)                -52   508   508   908   908   143   256      0.266     -0.518      2.416      2.485      0.000
   693         21  (g)                -51   599     0   900   900   145   316     -0.362      0.482      0.536      0.807      0.000
   694         21  (g)                -51   599     0   915   915   316   158     -0.036      0.387      3.392      3.414      0.000
   695         21  (g)                -52   293   293   899   899   158   144      0.227     -0.062      9.578      9.581      0.000
   696         21  (g)                -51   661     0   793   793   317   305     -0.451     -0.034      0.700      0.833      0.000
   697         21  (g)                -51   661     0   795   795   108   317      0.215      0.265     -0.227      0.410      0.000
   698         21  (g)                -52   665   665   783   783   211   108      1.251      0.075      8.151      8.247      0.000
   699         21  (g)                -42   845   845   324   324   183   130      0.000     -0.000    291.854    291.854      0.000
   700         21  (g)                -41   846   846   718   325   130   318     -0.000      0.000   -500.831    500.831      0.000
   701         21  (g)                -44   687   687   847   847   219   314     -1.609     -0.942    186.979    186.989      0.000
   702         21  (g)                -44   668   668   848   848   146   250     -0.072      0.948     -5.763      5.841      0.000
   703          1  (d)                -44   689   689   849   849   132     0      0.007      0.436      0.986      1.127      0.330
   704         21  (g)                -44   464   464   850   850   193   187      0.025     -0.241     -0.934      0.965      0.000
   705         21  (g)                -44   378   378   851   851   183   129     -0.899     -0.417     23.789     23.809      0.000
   706         21  (g)                -44   542   542   852   852   147   186     -0.011      0.742    -12.638     12.660      0.000
   707          2  (u)                -44   540   540   853   853   244     0      1.798      0.667     -2.839      3.442      0.330
   708         21  (g)                -44   615   615   854   854   131   291      0.325     -0.486     -2.542      2.608      0.000
   709         21  (g)                -44   334   334   855   855   186   208     -0.092      1.290    -19.692     19.734      0.000
   710         21  (g)                -44   617   617   856   856   213   193     -0.427     -0.420     -1.887      1.979      0.000
   711         21  (g)                -44   377   377   857   857   129   219     -0.701     -1.335     58.188     58.208      0.000
   712         21  (g)                -44   463   463   858   858   187   244     -0.294      0.049     -0.514      0.594      0.000
   713         21  (g)                -44   490   490   859   859   250   131     -0.138     -0.535     -2.211      2.279      0.000
   714         -2  (ubar)             -44   541   541   860   860     0   147      0.193      0.732     -0.947      1.257      0.330
   715         21  (g)                -44   616   616   861   861   291   213      0.533      0.262     -0.524      0.792      0.000
   716         -1  (dbar)             -44   667   667   862   862     0   146      0.650     -0.485      6.572      6.630      0.330
   717         21  (g)                -44   688   688   863   863   314   132      0.327      0.002     14.383     14.386      0.000
   718         21  (g)                -43   700     0   864   864   208   318      0.384     -0.268   -449.382    449.382      0.000
   719         -1  (dbar)             -41   934   934   726   230     0   165     -0.000     -0.000      3.981      3.981      0.000
   720         21  (g)                -42   935   935   231   231   184   167      0.000      0.000   -777.644    777.644      0.000
   721         21  (g)                -44   232   232   936   936   164   167      2.810     -0.598   -182.821    182.843      0.000
   722         21  (g)                -44   642   642   937   937   299   165      0.041      0.122     -1.729      1.734      0.000
   723         21  (g)                -44   611   611   938   938   184   166     -1.175     -0.521   -410.549    410.551      0.000
   724         21  (g)                -44   644   644   939   939   166   289     -0.396      0.380    -49.125     49.128      0.000
   725         21  (g)                -44   643   643   940   940   289   299     -0.821      0.668   -133.381    133.385      0.000
   726         -1  (dbar)             -43   719     0   941   941     0   164     -0.460     -0.052      3.943      3.983      0.330
   727         21  (g)                -41   916   916   734   121   150   319      0.000      0.000   1545.072   1545.072      0.000
   728         21  (g)                -42   917   917   659   659   152   151      0.000      0.000     -2.581      2.581      0.000
   729         21  (g)                -44   370   370   918   918   217   149     -1.542      0.277    344.865    344.869      0.000
   730         21  (g)                -44   657   657   919   919   150   304      2.040      0.969     -1.607      2.772      0.000
   731         -3  (sbar)             -44   624   624   920   920     0   217     -0.872     -1.002    436.316    436.318      0.500
   732          3  (s)                -44   625   625   921   921   152     0     -0.451     -0.864    469.996    469.997      0.500
   733         21  (g)                -44   658   658   922   922   304   151      0.494      0.600      0.001      0.777      0.000
   734         21  (g)                -43   727     0   923   923   149   319      0.330      0.019    292.919    292.920      0.000
   735         21  (g)                -31   975   975   737   738   321   320      0.000      0.000     64.146     64.146      0.000
   736         21  (g)                -31   976   976   737   738   323   322      0.000      0.000     -5.452      5.452      0.000
   737         21  (g)                -33   735   736   977   977   323   320      0.131      0.164     -5.450      5.454      0.000
   738         21  (g)                -33   735   736   978   978   321   322     -0.131     -0.164     64.143     64.144      0.000
   739         21  (g)                -31   979   979   741   742   325   324      0.000      0.000      0.069      0.069      0.000
   740         21  (g)                -31   980   980   741   742   326   325      0.000      0.000    -52.722     52.722      0.000
   741         21  (g)                -33   739   740   981   981   327   324      0.061      0.192     -0.079      0.216      0.000
   742         21  (g)                -33   739   740   982   982   326   327     -0.061     -0.192    -52.574     52.574      0.000
   743          2  (u)                -61     1     0    72    72   101     0     -0.537     -0.787    500.830    500.831      0.000
   744         21  (g)                -61     2     0   572   572   119   133     -1.395      2.432  -1300.943   1300.946      0.000
   745          6  (t)                -62    74    74   990   991   101     0     -4.840    -17.183     43.925    180.533    174.196
   746         -6  (tbar)             -62   444   444  1004  1005     0   102    -13.126     51.514    336.709    382.236    172.932
   747          2  (u)                -62   671   671  1203  1203   134     0     12.648     -7.948      5.677     15.984      0.330
   748         21  (g)                -62   593   593  1152     0   181   195      0.206     -4.146     -4.843      6.378      0.000
   749         21  (g)                -62   500   500  1224  1224   111   212     -4.955     -0.838     -8.437      9.820      0.000
   750         -1  (dbar)             -62   447   447  1209  1209     0   105      4.639      0.392     -2.424      5.260      0.330
   751         21  (g)                -62    80    80  1225  1225   119   111     -4.243     -0.405    -11.511     12.275      0.000
   752         21  (g)                -62   675   675  1445  1445   224   309      0.800      1.796   -384.916    384.921      0.000
   753         21  (g)                -62   516   516  1207  1207   240   259      5.587     -4.264     -0.520      7.047      0.000
   754          1  (d)                -62   350   350  1221  1221   113     0     -1.056     -1.161     -1.915      2.499      0.330
   755         21  (g)                -62   442   442  1453  1453   239   155     -0.822     -0.472     -1.437      1.721      0.000
   756         21  (g)                -62   448   448  1448  1448   156   241      0.303      0.303    -15.262     15.268      0.000
   757         21  (g)                -62   483   483  1452  1452   155   248     -0.459     -2.247     -5.386      5.854      0.000
   758         21  (g)                -62   271   271  1449  1449   195   156     -0.389     -2.372     -7.032      7.431      0.000
   759         21  (g)                -62   498   498  1222  1222   253   113     -2.306     -1.044     -2.567      3.605      0.000
   760         21  (g)                -62   450   450  1446  1446   106   224      0.053      1.005   -294.889    294.891      0.000
   761         21  (g)                -62   443   443  1454  1454   102   239     -0.878      0.839     -0.062      1.216      0.000
   762         21  (g)                -62   446   446  1208  1208   105   240      0.835     -0.113      0.237      0.876      0.000
   763         21  (g)                -62   449   449  1447  1447   241   106     -0.695      0.771   -220.252    220.255      0.000
   764         21  (g)                -62   591   591  1451  1451   248   282     -1.173     -1.144     -2.027      2.607      0.000
   765         21  (g)                -62   499   499  1223  1223   212   253     -3.706     -1.435     -7.150      8.180      0.000
   766         21  (g)                -62   522   522  1206  1206   259   261      6.100     -5.425     -0.205      8.166      0.000
   767         21  (g)                -62   669   669  1205  1205   261   307      2.635     -1.760      0.637      3.232      0.000
   768         21  (g)                -62   677   677  1154     0   275   133      0.246      0.566   -121.842    121.844      0.000
   769         21  (g)                -62   592   592  1152     0   282   181      0.125     -1.623     -2.078      2.639      0.000
   770         21  (g)                -62   670   670  1204  1204   307   134      1.878     -2.168      1.331      3.163      0.000
   771         21  (g)                -62   676   676  1154     0   309   275      0.658      0.209    -93.874     93.877      0.000
   772         21  (g)                -61     1     0   255   255   163   163     -2.200      0.228     25.136     25.233      0.000
   773          1  (d)                -61     2     0   300   300   114     0     -1.540     -1.569   -784.838    784.841      0.000
   774         21  (g)                -62   555   555  1558  1558   159   169      3.652     -5.575     -2.863      7.253      0.000
   775         21  (g)                -62   408   408  1566  1566   109   220     -2.592      6.050    -61.949     62.298      0.000
   776         21  (g)                -62   594   594  1573  1573   283   246     -0.478     -3.168    -21.645     21.881      0.000
   777          1  (d)                -62   373   373  1384  1384   218     0      2.163     -1.376   -219.697    219.712      0.330
   778         21  (g)                -62   650   650  1114     0   110   288     -0.778     -0.043     -5.616      5.669      0.000
   779         21  (g)                -62   531   531  1112     0   264   266     -1.090      0.380     -2.444      2.703      0.000
   780         21  (g)                -62   663   663  1118     0   192   182     -0.680     -0.324      2.543      2.653      0.000
   781         21  (g)                -62   268   268  1129     0   194   235     -0.909     -0.437     -3.239      3.393      0.000
   782         21  (g)                -62   596   596  1575  1575   112   200      0.332     -1.962    -35.093     35.149      0.000
   783         21  (g)                -62   698   698  1148     0   211   263      0.535      0.149      8.189      8.208      0.000
   784         21  (g)                -62   660   660  1155     0   305   131      0.584     -0.814     -2.020      2.255      0.000
   785         21  (g)                -62   582   582  1164     0   279   164      3.608      0.384   -267.978    268.003      0.000
   786         21  (g)                -62   648   648  1121     0   229   301     -5.825      7.669    -94.712     95.200      0.000
   787         21  (g)                -62   557   557  1553  1553   107   258     -0.653     -0.508     -0.362      0.903      0.000
   788         21  (g)                -62   556   556  1555  1555   271   228      1.084     -3.311     -1.211      3.688      0.000
   789         21  (g)                -62   620   620  1159     0   214   176     -0.165      0.021     -5.689      5.692      0.000
   790         21  (g)                -62   595   595  1123     0   200   249     -0.154     -1.850    -21.844     21.923      0.000
   791         21  (g)                -62   619   619  1392  1392   292   177     -0.171      0.461     -1.418      1.501      0.000
   792         21  (g)                -62   649   649  1564  1564   301   197     -1.424      2.957    -31.831     31.999      0.000
   793         21  (g)                -62   696   696  1110     0   317   274     -0.518     -0.028      0.679      0.855      0.000
   794         21  (g)                -62   664   664  1133     0   306   183     -0.469     -0.281      8.717      8.734      0.000
   795         21  (g)                -62   697   697  1108     0   108   168      0.207      0.266     -0.219      0.402      0.000
   796          1  (d)                -61     1     0   191   191   117     0      0.898      0.598    108.683    108.688      0.000
   797         21  (g)                -61     2     0   192   192   133   117     -0.293      0.999   -827.653    827.653      0.000
   798         21  (g)                -62   193   193  1501  1501   114   208      2.857     -0.249   -820.302    820.307      0.000
   799         21  (g)                -62   392   392  1110     0   116   317     -1.848     -0.100      3.681      4.120      0.000
   800          1  (d)                -62   309   309  1443  1443   133     0     -0.092      3.149     90.952     91.007      0.330
   801         21  (g)                -62   479   479  1157     0   173   323      0.163      0.243     -0.902      0.948      0.000
   802         21  (g)                -62   310   310  1546  1546   115   163     -1.240      0.220     13.523     13.582      0.000
   803         21  (g)                -62   477   477  1127     0   246   295     -0.267     -0.313     -2.721      2.751      0.000
   804         21  (g)                -62   478   478  1155     0   223   305      1.032     -1.353     -3.202      3.626      0.000
   805         -2  (ubar)             -61     1     0   545   545     0   118     -0.450     -2.377     96.722     96.753      0.000
   806         21  (g)                -61     2     0   581   581   154   119      0.240      1.296   -572.533    572.534      0.000
   807         -4  (cbar)             -62   467   467  1228  1228     0   210     -3.269      2.703    -33.924     34.221      1.500
   808         21  (g)                -62   543   543  1658  1658   254   267     -0.491     -0.717    -19.257     19.277      0.000
   809         21  (g)                -62   506   506  1663  1663   154   120      1.005      0.876   -171.361    171.367      0.000
   810          4  (c)                -62   635   635  1292  1292   172     0     -0.085      1.212     -0.639      2.034      1.500
   811         21  (g)                -62   672   672  1661  1661   255   308      1.021     -0.543   -186.151    186.155      0.000
   812         21  (g)                -62   579   579  1227  1227   210   278      0.069      0.558     -2.654      2.713      0.000
   813         -2  (ubar)             -62   554   554  1151     0     0   297      0.076     -1.956     82.875     82.898      0.330
   814         21  (g)                -62   678   678  1295  1295   310   125      0.300     -1.342      8.469      8.580      0.000
   815         21  (g)                -62   674   674  1659  1659   179   254      0.559     -1.067    -45.807     45.823      0.000
   816         21  (g)                -62   505   505  1662  1662   120   255     -0.132      0.389    -53.891     53.893      0.000
   817         21  (g)                -62   544   544  1657  1657   267   126      0.497     -1.231    -14.765     14.825      0.000
   818         21  (g)                -62   680   680  1150     0   252   270     -0.024      0.191      2.749      2.756      0.000
   819         21  (g)                -62   580   580  1226  1226   278   119     -0.336     -0.531     -3.852      3.903      0.000
   820         21  (g)                -62   634   634  1293  1293   296   172     -0.230      0.332      1.016      1.093      0.000
   821         21  (g)                -62   673   673  1660  1660   308   179      0.743     -0.137    -39.161     39.168      0.000
   822         21  (g)                -62   679   679  1296  1296   270   310      0.089      0.180      0.546      0.581      0.000
   823         21  (g)                -61     1     0   209   209   148   148     -0.564      0.259    179.568    179.569      0.000
   824         21  (g)                -61     2     0   210   210   122   122      0.620      0.853    -10.467     10.520      0.000
   825         21  (g)                -62   561   561  1559  1559   272   159      1.896     -2.582     -2.421      4.015      0.000
   826         21  (g)                -62   212   212  1547  1547   123   115     -2.663      1.899     53.808     53.907      0.000
   827         21  (g)                -62   430   430  1132     0   234   268      0.438     -0.628      0.136      0.778      0.000
   828         21  (g)                -62   214   214  1189  1189   168   145     -0.925      3.116      0.646      3.314      0.000
   829         21  (g)                -62   384   384  1315  1315   121   139      0.087      0.805      1.851      2.020      0.000
   830         21  (g)                -62   216   216  1341  1341   180   314     -0.563      1.869    119.622    119.638      0.000
   831         21  (g)                -62   563   563  1557  1557   169   234      0.781     -0.816     -0.258      1.158      0.000
   832         21  (g)                -62   431   431  1130     0   124   313      0.006     -1.775     -2.297      2.903      0.000
   833         21  (g)                -62   562   562  1161     0   221   223      0.998     -0.776     -1.986      2.354      0.000
   834         -2  (ubar)             -61     1     0   316   316     0   127     -0.051      0.950    130.447    130.451      0.000
   835          2  (u)                -61     2     0   317   317   127     0      0.501     -0.790     -0.712      1.176      0.000
   836         21  (g)                -62   318   318  1294  1294   125   296     -4.063     -0.590     17.725     18.194      0.000
   837          2  (u)                -62   651   651  1181  1184   302     0      3.649      1.338      6.249      7.366      0.330
   838         -2  (ubar)             -62   636   636  1181  1184     0   302     -0.117      0.119      6.658      6.668      0.330
   839         21  (g)                -62   681   681  1103     0   225   118     -0.268     -0.152     19.289     19.291      0.000
   840         21  (g)                -62   653   653  1103     0   286   225     -0.286     -0.327      8.749      8.760      0.000
   841         21  (g)                -62   683   683  1655  1655   243   286      0.468      0.128      5.703      5.723      0.000
   842         21  (g)                -62   637   637  1151     0   297   312      0.354     -0.833     47.489     47.498      0.000
   843         21  (g)                -62   652   652  1656  1656   126   243      0.510     -0.260      0.580      0.815      0.000
   844         21  (g)                -62   682   682  1150     0   312   252      0.204      0.736     17.295     17.311      0.000
   845         21  (g)                -61     1     0   699   699   318   318      0.069      3.256    291.845    291.863      0.000
   846         21  (g)                -61     2     0   700   700   130   130      1.938     -0.919   -500.823    500.828      0.000
   847         21  (g)                -62   701   701  1149     0   219   180     -1.565      1.144    186.977    186.987      0.000
   848         21  (g)                -62   702   702  1158     0   146   209     -0.049      0.938     -5.770      5.846      0.000
   849          1  (d)                -62   703   703  1337  1337   132     0      0.007      0.448      0.983      1.130      0.330
   850         21  (g)                -62   704   704  1116     0   193   276      0.029     -0.243     -0.932      0.964      0.000
   851         21  (g)                -62   705   705  1133     0   183   216     -0.893     -0.151     23.789     23.806      0.000
   852         21  (g)                -62   706   706  1122     0   147   186      0.038      0.719    -12.643     12.663      0.000
   853          2  (u)                -62   707   707  1141     0   244     0      1.811      0.665     -2.840      3.449      0.330
   854         21  (g)                -62   708   708  1394  1394   131   173      0.335     -0.490     -2.538      2.607      0.000
   855         21  (g)                -62   709   709  1119     0   186   293     -0.016      1.254    -19.700     19.740      0.000
   856         21  (g)                -62   710   710  1129     0   213   194     -0.419     -0.423     -1.885      1.976      0.000
   857         21  (g)                -62   711   711  1537  1537   129   280     -0.687     -0.686     58.194     58.202      0.000
   858         21  (g)                -62   712   712  1113     0   187   264     -0.291      0.049     -0.515      0.594      0.000
   859         21  (g)                -62   713   713  1124     0   250   213     -0.129     -0.539     -2.208      2.277      0.000
   860         -2  (ubar)             -62   714   714  1107     0     0   251      0.198      0.732     -0.952      1.261      0.330
   861         21  (g)                -62   715   715  1111     0   291   304      0.536      0.262     -0.525      0.795      0.000
   862         -1  (dbar)             -62   716   716  1140     0     0   203      0.651     -0.411      6.576      6.629      0.330
   863         21  (g)                -62   717   717  1147     0   314   158      0.331      0.163     14.383     14.387      0.000
   864         21  (g)                -62   718   718  1502  1502   208   290      2.122     -1.092   -449.373    449.379      0.000
   865         21  (g)                -61     1     0   301   301   201   201      0.926     -3.729    119.742    119.804      0.000
   866         21  (g)                -61     2     0   302   302   198   198     -0.503      0.384   -376.217    376.218      0.000
   867          1  (d)                -62   303   303  1507  1507   137     0     -0.377     -3.666   -110.133    110.195      0.330
   868         -1  (dbar)             -62   608   608  1577  1577     0   303     -0.345      3.006    -73.371     73.435      0.330
   869         21  (g)                -62   476   476  1317  1317   196   138      2.730      0.596      5.721      6.367      0.000
   870         21  (g)                -62   539   539  1109     0   226   116     -0.463      0.181      0.551      0.743      0.000
   871         21  (g)                -62   451   451  1543  1543   242   178      0.394     -0.625      9.232      9.261      0.000
   872         21  (g)                -62   308   308  1388  1388   135   184     -1.411      0.468   -172.791    172.798      0.000
   873         21  (g)                -62   603   603  1542  1542   178   277     -0.148     -1.574     22.453     22.508      0.000
   874         21  (g)                -62   549   549  1128     0   269   227      0.665      0.650     -8.488      8.539      0.000
   875         21  (g)                -62   605   605  1539  1539   216   321     -0.273     -2.239     75.741     75.774      0.000
   876         21  (g)                -62   475   475  1143     0   245   196      0.533     -0.806      2.209      2.411      0.000
   877         21  (g)                -62   538   538  1112     0   266   298     -0.737      0.321     -1.719      1.898      0.000
   878         21  (g)                -62   606   606  1114     0   288   294     -0.655     -0.102     -5.091      5.134      0.000
   879         21  (g)                -62   604   604  1144     0   287   316      0.041      0.207      3.064      3.071      0.000
   880         21  (g)                -62   607   607  1128     0   136   269      0.470      0.239     -3.852      3.888      0.000
   881         21  (g)                -61     1     0   335   335   161   117      1.062      1.664     29.170     29.236      0.000
   882          2  (u)                -61     2     0   488   488   117     0      1.420     -0.144    -42.847     42.870      0.000
   883         21  (g)                -62   575   575  1314  1314   139   285     -1.992      3.475      7.183      8.224      0.000
   884          2  (u)                -62   623   623  1175  1175   161     0      3.299     -0.229    -13.269     13.679      0.330
   885         21  (g)                -62   573   573  1165     0   153   150      1.485     -0.355     -0.786      1.717      0.000
   886         21  (g)                -62   439   439  1545  1545   163   192     -1.880     -0.327     14.953     15.075      0.000
   887         21  (g)                -62   564   564  1123     0   249   283      0.032     -0.947    -10.055     10.100      0.000
   888         21  (g)                -62   566   566  1142     0   138   315      0.416      0.271      0.793      0.936      0.000
   889         21  (g)                -62   440   440  1146     0   232   132     -0.062      0.753      4.660      4.721      0.000
   890         21  (g)                -62   487   487  1159     0   209   214     -0.410     -0.025     -6.414      6.427      0.000
   891         21  (g)                -62   621   621  1161     0   140   221      0.695     -0.679     -1.121      1.484      0.000
   892         21  (g)                -62   565   565  1569  1569   273   136      0.963     -0.243     -7.083      7.153      0.000
   893         21  (g)                -62   574   574  1116     0   276   250     -0.027     -0.284     -0.786      0.836      0.000
   894         21  (g)                -62   622   622  1119     0   293   109     -0.036      0.109     -1.752      1.756      0.000
   895         21  (g)                -61     1     0   289   289   199   199      1.183     -0.029   1051.729   1051.729      0.000
   896         21  (g)                -61     2     0   290   290   141   141      0.275     -2.256   -123.838    123.859      0.000
   897         21  (g)                -62   291   291  1319  1319   144   143      3.610      0.539     17.407     17.786      0.000
   898         21  (g)                -62   587   587  1145     0   142   217      0.438     -0.542    366.272    366.273      0.000
   899         21  (g)                -62   695   695  1147     0   158   211      0.238     -0.062      9.579      9.582      0.000
   900         21  (g)                -62   693   693  1106     0   145   188     -0.361      0.479      0.531      0.802      0.000
   901         21  (g)                -62   597   597  1109     0   170   226     -1.054      0.745      1.102      1.698      0.000
   902         21  (g)                -62   296   296  1118     0   182   242     -0.830     -0.340      2.653      2.800      0.000
   903         21  (g)                -62   590   590  1100     0   207   191      0.996     -1.255    -48.570     48.596      0.000
   904         21  (g)                -62   480   480  1550  1550   247   185     -1.074      1.587     -2.165      2.891      0.000
   905         21  (g)                -62   647   647  1125     0   280   300     -0.064     -0.084     15.179     15.180      0.000
   906         21  (g)                -62   525   525  1134     0   235   273     -0.584     -0.300     -1.493      1.631      0.000
   907         21  (g)                -62   690   690  1142     0   315   121      0.171      0.432      0.627      0.780      0.000
   908         21  (g)                -62   692   692  1143     0   143   245      0.269     -0.519      2.421      2.491      0.000
   909         21  (g)                -62   588   588  1135     0   262   112      0.801     -0.967    -17.874     17.918      0.000
   910         21  (g)                -62   645   645  1345  1345   215   149     -0.199     -1.739    490.349    490.352      0.000
   911         21  (g)                -62   589   589  1100     0   281   207      0.951     -1.252    -51.859     51.883      0.000
   912         21  (g)                -62   598   598  1313  1313   285   327     -1.781      2.034      4.818      5.524      0.000
   913         21  (g)                -62   646   646  1125     0   300   152      0.043     -1.043    135.591    135.595      0.000
   914         21  (g)                -62   691   691  1120     0   256   107     -0.081     -0.383     -0.066      0.397      0.000
   915         21  (g)                -62   694   694  1146     0   316   232     -0.032      0.386      3.388      3.410      0.000
   916         21  (g)                -61     1     0   727   727   151   151     -0.339     -2.543   1545.703   1545.705      0.000
   917         21  (g)                -61     2     0   728   728   319   319     -0.086     -2.347     -2.048      3.116      0.000
   918         21  (g)                -62   729   729  1343  1343   217   205     -1.617     -0.292    344.906    344.910      0.000
   919         21  (g)                -62   730   730  1165     0   150   140      1.967     -1.022     -1.628      2.750      0.000
   920         -3  (sbar)             -62   731   731  1346  1346     0   215     -0.967     -1.722    436.964    436.968      0.500
   921          3  (s)                -62   732   732  1535  1535   152     0     -0.554     -1.638    470.587    470.591      0.500
   922         21  (g)                -62   733   733  1108     0   304   108      0.481      0.247     -0.199      0.576      0.000
   923         21  (g)                -62   734   734  1145     0   149   142      0.266     -0.464    293.025    293.026      0.000
   924         21  (g)                -61     1     0   569   569   163   161      0.462     -0.551     62.051     62.055      0.000
   925         -1  (dbar)             -61     2     0   458   458     0   163      0.679     -0.673    -10.375     10.419      0.000
   926         -3  (sbar)             -62   558   558  1162     0     0   160      0.330      0.109      0.184      0.636      0.500
   927         21  (g)                -62   576   576  1541  1541   277   306     -0.375     -2.675     55.117     55.183      0.000
   928         -1  (dbar)             -62   686   686  1176  1176     0   161      0.007     -0.944     -8.331      8.391      0.330
   929         21  (g)                -62   684   684  1560  1560   313   272      0.191     -0.410     -0.693      0.828      0.000
   930          3  (s)                -62   567   567  1185  1185   274     0      0.749      1.735      2.146      2.903      0.500
   931         21  (g)                -62   568   568  1162     0   160   153      0.634      0.266      0.191      0.713      0.000
   932         21  (g)                -62   577   577  1144     0   263   287      0.116      0.223      3.113      3.124      0.000
   933         21  (g)                -62   685   685  1115     0   162   190     -0.510      0.471     -0.052      0.697      0.000
   934         -1  (dbar)             -61     1     0   719   719     0   163     -0.469      0.982      3.907      4.056      0.000
   935         21  (g)                -61     2     0   720   720   163   167     -1.815      0.439   -777.795    777.798      0.000
   936         21  (g)                -62   721   721  1385  1385   164   218      2.383     -0.492   -182.621    182.637      0.000
   937         21  (g)                -62   722   722  1117     0   299   147      0.037      0.124     -1.742      1.747      0.000
   938         21  (g)                -62   723   723  1387  1387   184   265     -2.133     -0.289   -410.633    410.639      0.000
   939         21  (g)                -62   724   724  1156     0   166   289     -0.511      0.408    -49.204     49.208      0.000
   940         21  (g)                -62   725   725  1163     0   289   135     -1.132      0.744   -133.536    133.543      0.000
   941         -1  (dbar)             -62   726   726  1171  1171     0   167     -0.927      0.926      3.848      4.079      0.330
   942          2  (u)                -61     1     0   420   420   154     0     -1.216     -0.265     10.073     10.149      0.000
   943         21  (g)                -61     2     0   629   629   167   154      0.146      0.537   -117.053    117.055      0.000
   944         21  (g)                -62   656   656  1156     0   176   166     -0.019      0.047     -4.505      4.505      0.000
   945         21  (g)                -62   423   423  1158     0   177   146     -0.136      0.687     -3.576      3.644      0.000
   946         21  (g)                -62   632   632  1160     0   175   292      0.290      0.733     -2.720      2.832      0.000
   947         21  (g)                -62   627   627  1126     0   197   257     -0.925      0.700    -12.810     12.862      0.000
   948          2  (u)                -62   436   436  1170  1170   167     0      0.184      0.171      9.254      9.263      0.330
   949         21  (g)                -62   630   630  1127     0   295   193     -0.042     -0.356     -1.833      1.868      0.000
   950         21  (g)                -62   536   536  1117     0   227   299      0.224      0.288     -3.720      3.738      0.000
   951         21  (g)                -62   429   429  1102     0   233   137     -0.314     -0.660    -26.545     26.555      0.000
   952         21  (g)                -62   546   546  1132     0   268   271      0.122     -0.851      0.121      0.868      0.000
   953         21  (g)                -62   548   548  1115     0   185   162     -0.065      0.109     -0.026      0.129      0.000
   954         21  (g)                -62   654   654  1135     0   303   262      1.245     -1.260    -34.354     34.399      0.000
   955         21  (g)                -62   547   547  1113     0   258   187     -0.433      0.033     -0.587      0.730      0.000
   956         21  (g)                -62   628   628  1137     0   294   231     -0.716     -0.151     -3.270      3.351      0.000
   957         21  (g)                -62   631   631  1121     0   220   229     -0.604      0.705     -9.016      9.063      0.000
   958         21  (g)                -62   655   655  1164     0   265   279      0.119      0.075    -13.394     13.395      0.000
   959         21  (g)                -61     1     0   385   385   222   222     -1.879     -0.036     27.990     28.053      0.000
   960         21  (g)                -61     2     0   614   614   189   189      0.258     -1.071   -190.007    190.011      0.000
   961         21  (g)                -62   405   405  1106     0   188   170     -0.592      0.590      0.882      1.215      0.000
   962         21  (g)                -62   388   388  1548  1548   190   123     -0.957      1.305     26.474     26.524      0.000
   963         21  (g)                -62   612   612  1101     0   230   281      0.590     -1.521    -74.648     74.665      0.000
   964         21  (g)                -62   641   641  1120     0   228   256     -0.024     -0.416     -0.207      0.465      0.000
   965         21  (g)                -62   510   510  1126     0   257   110     -0.750      0.566    -12.915     12.949      0.000
   966         21  (g)                -62   512   512  1107     0   251   291     -0.011      0.497     -0.495      0.702      0.000
   967         21  (g)                -62   639   639  1131     0   298   247     -0.212      0.160     -0.783      0.827      0.000
   968         21  (g)                -62   511   511  1102     0   191   233      0.099     -0.490    -15.771     15.779      0.000
   969         21  (g)                -62   613   613  1503  1503   290   326      0.299     -0.489    -82.479     82.481      0.000
   970         21  (g)                -62   640   640  1130     0   231   124     -0.064     -1.309     -2.077      2.456      0.000
   971         21  (g)                -61     1     0   312   312   206   206      0.456     -0.689     90.354     90.358      0.000
   972         21  (g)                -61     2     0   313   313   204   204      0.273      0.345      1.049      1.138      0.000
   973         21  (g)                -62   314   314  1140     0   203   144      1.094     -0.641      8.806      8.897      0.000
   974         21  (g)                -62   315   315  1149     0   205   219     -0.365      0.298     82.598     82.599      0.000
   975         21  (g)                -61     1     0   735   735   322   322      0.497     -0.662     64.106     64.112      0.000
   976         21  (g)                -61     2     0   736   736   320   320      0.548      1.061     -5.387      5.518      0.000
   977         21  (g)                -62   737   737  1157     0   323   175      0.679      1.225     -5.362      5.542      0.000
   978         21  (g)                -62   738   738  1538  1538   321   129      0.366     -0.826     64.081     64.088      0.000
   979         21  (g)                -61     1     0   739   739   325   325      0.307      0.153     -0.364      0.500      0.000
   980         21  (g)                -61     2     0   740   740   324   324      0.337     -0.622    -53.426     53.431      0.000
   981         21  (g)                -62   741   741  1141     0   327   244      0.370      0.339     -0.872      1.006      0.000
   982         21  (g)                -62   742   742  1101     0   326   230      0.274     -0.808    -52.918     52.925      0.000
   983       2101  (ud_0)             -63     1     0  1664  1664     0   154      0.828      1.060   1465.771   1465.772      0.579
   984         -1  (dbar)             -63     1     0  1430  1430     0   101      0.450      0.702    350.698    350.700      0.330
   985          2  (u)                -63     1     0  1508  1508   127     0      0.637      1.189    336.627    336.630      0.330
   986          1  (d)                -63     1     0  1653  1653   118     0     -0.071      0.628      6.346      6.386      0.330
   987          2  (u)                -63     2     0  1500  1500   332     0     -0.281      1.095     -3.105      3.321      0.330
   988         -2  (ubar)             -63     2     0  1167  1167     0   333     -1.087      0.802   -282.863    282.866      0.330
   989          1  (d)                -63     2     0  1166  1166   333     0     -0.235      0.147   -515.252    515.252      0.330
   990         24  (W+)               -22   745     0   994   994     0     0    -15.130     41.525     70.951    114.914     78.854
   991          5  (b)                -23   745     0   992   993   101     0     10.290    -58.707    -27.026     65.619      4.800
   992          5  (b)                -51   991     0   997   997   336     0     10.066    -57.825    -27.525     65.006      4.800
   993         21  (g)                -51   991     0   995   996   101   336      0.095     -0.428      1.037      1.126      0.000
   994         24  (W+)               -52   990   990  1012  1013     0     0    -15.000     41.070     70.414    114.402     78.854
   995         21  (g)                -51   993     0   998   999   101   337      0.432     -0.075     -0.853      0.959      0.000
   996         21  (g)                -51   993     0  1000  1000   337   336      0.076     -2.725      0.745      2.825      0.000
   997          5  (b)                -52   992   992  1425  1425   336     0      9.653    -55.453    -26.380     62.347      4.800
   998         21  (g)                -51   995     0  1429  1429   101   340      0.983     -0.749      0.019      1.236      0.000
   999         21  (g)                -51   995     0  1003  1003   340   337     -0.520     -0.452     -0.564      0.890      0.000
  1000         21  (g)                -52   996   996  1001  1002   337   336      0.045     -1.599      0.437      1.658      0.000
  1001         21  (g)                -51  1000     0  1426  1426   342   336     -0.448     -0.353     -0.213      0.609      0.000
  1002         21  (g)                -51  1000     0  1427  1427   337   342      0.200     -1.500      0.333      1.549      0.000
  1003         21  (g)                -52   999   999  1428  1428   340   337     -0.228     -0.198     -0.247      0.390      0.000
  1004        -24  (W-)               -22   746     0  1008  1008     0     0     -8.257    101.827    253.053    284.376     79.982
  1005         -5  (bbar)             -23   746     0  1006  1007     0   102     -4.869    -50.314     83.656     97.860      4.800
  1006         -5  (bbar)             -51  1005     0  1011  1011     0   345     -4.353    -49.780     83.950     97.814      4.800
  1007         21  (g)                -51  1005     0  1009  1010   345   102     -0.529     -0.218      0.214      0.611      0.000
  1008        -24  (W-)               -52  1004  1004  1077  1078     0     0     -8.243    101.511    252.545    283.811     79.982
  1009         21  (g)                -51  1007     0  1455  1455   346   102      0.060     -0.088     -0.146      0.181      0.000
  1010         21  (g)                -51  1007     0  1153     0   345   346     -0.864     -3.618      6.253      7.276      0.000
  1011         -5  (bbar)             -52  1006  1006  1153     0     0   345     -4.078    -46.291     78.057     90.969      4.800
  1012         -1  (dbar)             -23   994     0  1016  1016     0   103    -10.892      5.781    -16.445     20.558      0.330
  1013          2  (u)                -23   994     0  1014  1015   103     0     -4.108     35.289     86.859     93.844      0.330
  1014          2  (u)                -51  1013     0  1020  1021   347     0      0.880     14.329     56.234     58.039      0.330
  1015         21  (g)                -51  1013     0  1017  1018   103   347     -5.602     21.286     29.697     36.965      0.000
  1016         -1  (dbar)             -52  1012  1012  1019  1019     0   103    -10.278      5.455    -15.518     19.398      0.330
  1017         21  (g)                -51  1015     0  1022  1022   348   347     -7.146     18.653     29.157     35.343      0.000
  1018         21  (g)                -51  1015     0  1023  1024   103   348      0.676      3.094     -0.770      3.259      0.000
  1019         -1  (dbar)             -52  1016  1016  1028  1028     0   103     -9.411      4.994    -14.208     17.761      0.330
  1020          2  (u)                -51  1014     0  1041  1042   349     0     -2.311     10.150     45.436     46.614      0.330
  1021         21  (g)                -51  1014     0  1043  1043   347   349      1.738      7.970     16.724     18.607      0.000
  1022         21  (g)                -52  1017  1017  1025  1025   348   347     -5.693     14.862     23.231     28.160      0.000
  1023         21  (g)                -51  1018     0  1026  1027   103   350     -0.370      8.743      4.584      9.879      0.000
  1024         21  (g)                -51  1018     0  1038  1039   350   348     -0.777     -0.891      2.083      2.395      0.000
  1025         21  (g)                -52  1022  1022  1040  1040   348   347     -3.871     10.104     15.794     19.145      0.000
  1026         21  (g)                -51  1023     0  1034  1034   352   350     -0.467      3.769     -2.199      4.388      0.000
  1027         21  (g)                -51  1023     0  1031  1031   103   352     -1.027      5.571      5.085      7.613      0.000
  1028         -1  (dbar)             -52  1019  1019  1029  1030     0   103     -8.286      4.398    -12.510     15.640      0.330
  1029         -1  (dbar)             -51  1028     0  1065  1066     0   353     -9.395      3.760    -10.030     14.252      0.330
  1030         21  (g)                -51  1028     0  1056  1057   353   103      0.964      1.424     -1.762      2.462      0.000
  1031         21  (g)                -52  1027  1027  1032  1033   103   352     -0.882      4.785      4.368      6.538      0.000
  1032         21  (g)                -51  1031     0  1037  1037   103   354     -1.352      6.383      4.279      7.803      0.000
  1033         21  (g)                -51  1031     0  1035  1036   354   352      0.160      0.905     -1.371      1.650      0.000
  1034         21  (g)                -52  1026  1026  1053  1054   352   350     -0.157      1.266     -0.739      1.474      0.000
  1035         21  (g)                -51  1033     0  1073  1073   355   352     -1.111      2.028     -0.023      2.313      0.000
  1036         21  (g)                -51  1033     0  1044  1045   354   355      0.968      0.308     -0.388      1.088      0.000
  1037         21  (g)                -52  1032  1032  1046  1046   103   354     -1.049      4.952      3.319      6.053      0.000
  1038         21  (g)                -51  1024     0  1055  1055   350   356     -0.886     -0.858      1.567      1.994      0.000
  1039         21  (g)                -51  1024     0  1076  1076   356   348     -0.696      2.067      3.799      4.380      0.000
  1040         21  (g)                -52  1025  1025  1049  1049   348   347     -3.066      8.004     12.511     15.165      0.000
  1041          2  (u)                -51  1020     0  1050  1051   357     0     -2.330      9.608     38.387     39.642      0.330
  1042         21  (g)                -51  1020     0  1052  1052   349   357      0.176      1.261      8.556      8.650      0.000
  1043         21  (g)                -52  1021  1021  1047  1048   347   349      1.582      7.251     15.216     16.930      0.000
  1044         21  (g)                -51  1036     0  1061  1061   358   355     -0.477      1.068     -0.406      1.238      0.000
  1045         21  (g)                -51  1036     0  1059  1060   354   358      1.123      0.758      1.036      1.705      0.000
  1046         21  (g)                -52  1037  1037  1058  1058   103   354     -0.727      3.433      2.301      4.197      0.000
  1047         21  (g)                -51  1043     0  1104     0   359   349     -0.010      1.056      4.042      4.178      0.000
  1048         21  (g)                -51  1043     0  1062  1063   347   359      1.046      7.618     13.399     15.448      0.000
  1049         21  (g)                -52  1040  1040  1064  1064   348   347     -2.521      6.580     10.286     12.469      0.000
  1050          2  (u)                -51  1041     0  1264  1264   360     0     -1.692      7.368     27.320     28.348      0.330
  1051         21  (g)                -51  1041     0  1265  1265   357   360     -0.518      3.099     16.894     17.183      0.000
  1052         21  (g)                -52  1042  1042  1104     0   349   357      0.056      0.402      2.730      2.760      0.000
  1053         21  (g)                -51  1034     0  1071  1072   352   361     -0.685      0.534     -0.858      1.221      0.000
  1054         21  (g)                -51  1034     0  1272  1272   361   350      0.289      0.499      0.543      0.792      0.000
  1055         21  (g)                -52  1038  1038  1074  1075   350   356     -0.646     -0.626      1.143      1.455      0.000
  1056         21  (g)                -51  1030     0  1067  1067   353   362      0.105      0.125     -1.002      1.016      0.000
  1057         21  (g)                -51  1030     0  1245  1245   362   103      0.776      1.690     -0.498      1.925      0.000
  1058         21  (g)                -52  1046  1046  1244  1244   103   354     -0.644      3.042      2.039      3.718      0.000
  1059         21  (g)                -51  1045     0  1068  1069   354   363      0.287      1.416      0.892      1.698      0.000
  1060         21  (g)                -51  1045     0  1070  1070   363   358      0.601     -0.131     -0.056      0.618      0.000
  1061         21  (g)                -52  1044  1044  1138     0   358   355     -0.242      0.542     -0.206      0.628      0.000
  1062         21  (g)                -51  1048     0  1267  1267   364   359      0.746      5.012      9.999     11.210      0.000
  1063         21  (g)                -51  1048     0  1268  1268   347   364     -0.099      3.650      5.031      6.216      0.000
  1064         21  (g)                -52  1049  1049  1105     0   348   347     -2.121      5.537      8.655     10.491      0.000
  1065         -1  (dbar)             -51  1029     0  1248  1248     0   365     -8.390      3.860     -9.167     13.017      0.330
  1066         21  (g)                -51  1029     0  1247  1247   365   353     -0.980     -0.071     -1.099      1.474      0.000
  1067         21  (g)                -52  1056  1056  1246  1246   353   362      0.080      0.096     -0.766      0.776      0.000
  1068         21  (g)                -51  1059     0  1243  1243   354   366      0.696      0.918      1.056      1.563      0.000
  1069         21  (g)                -51  1059     0  1139     0   366   363     -0.078      0.425     -0.195      0.474      0.000
  1070         21  (g)                -52  1060  1060  1139     0   363   358      0.270     -0.059     -0.025      0.278      0.000
  1071         -2  (ubar)             -51  1053     0  1273  1273     0   361     -0.808      1.116     -0.078      1.419      0.330
  1072          2  (u)                -51  1053     0  1240  1240   352     0     -0.559      0.662     -0.794      1.220      0.330
  1073         21  (g)                -52  1035  1035  1138     0   355   352     -0.430      0.784     -0.009      0.894      0.000
  1074         21  (g)                -51  1055     0  1271  1271   350   367     -0.693     -0.197      1.944      2.073      0.000
  1075         21  (g)                -51  1055     0  1270  1270   367   356     -0.077     -0.062     -0.126      0.160      0.000
  1076         21  (g)                -52  1039  1039  1105     0   356   348     -0.572      1.700      3.124      3.602      0.000
  1077          1  (d)                -23  1008     0  1079  1080   104     0     -4.261     83.786    101.532    131.708      0.330
  1078         -2  (ubar)             -23  1008     0  1081  1081     0   104     -3.981     17.725    151.014    152.103      0.330
  1079          1  (d)                -51  1077     0  1084  1084   368     0     -3.946     81.180     96.280    125.998      0.330
  1080         21  (g)                -51  1077     0  1082  1083   104   368     -0.450      3.202     10.325     10.820      0.000
  1081         -2  (ubar)             -52  1078  1078  1088  1089     0   104     -3.848     17.130    145.940    146.993      0.330
  1082         21  (g)                -51  1080     0  1090  1090   104   369     -0.326     -0.137      2.838      2.860      0.000
  1083         21  (g)                -51  1080     0  1087  1087   369   368     -0.846     18.190     25.100     31.009      0.000
  1084          1  (d)                -52  1079  1079  1085  1086   368     0     -3.224     66.328     78.667    102.949      0.330
  1085          1  (d)                -51  1084     0  1094  1095   370     0     -3.029     47.458     56.093     73.538      0.330
  1086         21  (g)                -51  1084     0  1096  1096   368   370     -0.361     22.449     27.513     35.511      0.000
  1087         21  (g)                -52  1083  1083  1093  1093   369   368     -0.679     14.611     20.162     24.909      0.000
  1088         -2  (ubar)             -51  1081     0  1372  1372     0   371     -2.875     10.755     88.989     89.683      0.330
  1089         21  (g)                -51  1081     0  1099  1099   371   104     -1.010      6.359     57.272     57.633      0.000
  1090         21  (g)                -52  1082  1082  1091  1092   104   369     -0.289     -0.121      2.517      2.536      0.000
  1091         21  (g)                -51  1090     0  1097  1098   104   372     -0.752      0.399      3.345      3.451      0.000
  1092         21  (g)                -51  1090     0  1368  1368   372   369      0.401      0.819      1.021      1.369      0.000
  1093         21  (g)                -52  1087  1087  1367  1367   369   368     -0.617     13.272     18.313     22.625      0.000
  1094          1  (d)                -51  1085     0  1364  1364   373     0     -1.986     38.917     46.956     61.020      0.330
  1095         21  (g)                -51  1085     0  1365  1365   370   373     -1.180     17.030     19.540     25.946      0.000
  1096         21  (g)                -52  1086  1086  1366  1366   368   370     -0.224     13.960     17.109     22.083      0.000
  1097         21  (g)                -51  1091     0  1369  1369   374   372     -0.153     -0.188      1.494      1.513      0.000
  1098         21  (g)                -51  1091     0  1370  1370   104   374     -0.738      1.466      9.764      9.901      0.000
  1099         21  (g)                -52  1089  1089  1371  1371   371   104     -0.870      5.481     49.359     49.670      0.000
  1100         21  (g)                -73   903   911  1505  1505   281   191      1.948     -2.507   -100.429    100.479      0.138
  1101         21  (g)                -73   963   982  1504  1504   326   281      0.865     -2.329   -127.566    127.591      0.364
  1102         21  (g)                -73   951   968  1506  1506   191   137     -0.215     -1.150    -42.316     42.334      0.392
  1103         21  (g)                -73   839   840  1654  1654   286   118     -0.554     -0.479     28.038     28.051      0.454
  1104         21  (g)                -73  1047  1052  1266  1266   359   357      0.046      1.459      6.772      6.938      0.379
  1105         21  (g)                -73  1064  1076  1269  1269   356   347     -2.693      7.236     11.779     14.093      0.506
  1106         21  (g)                -73   900   961  1188  1188   145   170     -0.953      1.069      1.414      2.017      0.133
  1107         -2  (ubar)             -73   860   966  1191  1191     0   291      0.187      1.229     -1.447      1.962      0.461
  1108         21  (g)                -73   795   922  1111     0   304   168      0.687      0.513     -0.418      0.978      0.213
  1109         21  (g)                -73   870   901  1187  1187   170   116     -1.518      0.926      1.654      2.440      0.243
  1110         21  (g)                -73   793   799  1186  1186   116   274     -2.366     -0.128      4.360      4.975      0.349
  1111         21  (g)                -73   861  1108  1190  1190   291   168      1.223      0.775     -0.943      1.772      0.393
  1112         21  (g)                -73   779   877  1131     0   264   298     -1.827      0.701     -4.163      4.601      0.073
  1113         21  (g)                -73   858   955  1552  1552   258   264     -0.724      0.082     -1.102      1.324      0.082
  1114         21  (g)                -73   778   878  1137     0   110   294     -1.433     -0.145    -10.707     10.803      0.085
  1115         21  (g)                -73   933   953  1549  1549   185   190     -0.576      0.580     -0.078      0.826      0.092
  1116         21  (g)                -73   850   893  1124     0   193   250      0.002     -0.527     -1.718      1.800      0.100
  1117         21  (g)                -73   937   950  1136     0   227   147      0.261      0.412     -5.462      5.485      0.101
  1118         21  (g)                -73   780   902  1544  1544   192   242     -1.509     -0.664      5.196      5.453      0.114
  1119         21  (g)                -73   855   894  1122     0   186   109     -0.052      1.363    -21.452     21.496      0.116
  1120         21  (g)                -73   914   964  1554  1554   228   107     -0.105     -0.799     -0.273      0.863      0.140
  1121         21  (g)                -73   786   957  1565  1565   220   301     -6.429      8.374   -103.727    104.263      0.179
  1122         21  (g)                -73   852  1119  1567  1567   147   109     -0.014      2.082    -34.095     34.159      0.204
  1123         21  (g)                -73   790   887  1574  1574   200   283     -0.123     -2.797    -31.900     32.023      0.206
  1124         21  (g)                -73   859  1116  1571  1571   193   213     -0.128     -1.066     -3.926      4.076      0.224
  1125         21  (g)                -73   905   913  1536  1536   280   152     -0.021     -1.127    150.771    150.775      0.228
  1126         21  (g)                -73   947   965  1563  1563   197   110     -1.674      1.266    -25.725     25.811      0.229
  1127         21  (g)                -73   803   949  1572  1572   246   193     -0.309     -0.669     -4.554      4.619      0.243
  1128         21  (g)                -73   874   880  1136     0   136   227      1.135      0.889    -12.340     12.427      0.262
  1129         21  (g)                -73   781   856  1134     0   213   235     -1.328     -0.861     -5.124      5.369      0.263
  1130         21  (g)                -73   832   970  1561  1561   231   313     -0.059     -3.084     -4.374      5.359      0.266
  1131         21  (g)                -73   967  1112  1551  1551   264   247     -2.040      0.861     -4.947      5.428      0.308
  1132         21  (g)                -73   827   952  1556  1556   234   271      0.560     -1.479      0.258      1.646      0.377
  1133         21  (g)                -73   794   851  1540  1540   306   216     -1.362     -0.432     32.506     32.541      0.440
  1134         21  (g)                -73   906  1129  1570  1570   213   273     -1.913     -1.161     -6.617      7.001      0.465
  1135         21  (g)                -73   909   954  1576  1576   303   112      2.046     -2.227    -52.227     52.317      0.481
  1136         21  (g)                -73  1117  1128  1568  1568   136   147      1.396      1.301    -17.802     17.912      0.513
  1137         21  (g)                -73   956  1114  1562  1562   110   231     -2.149     -0.296    -13.976     14.154      0.541
  1138         21  (g)                -73  1061  1073  1241  1241   358   352     -0.672      1.326     -0.215      1.523      0.249
  1139         21  (g)                -73  1069  1070  1242  1242   366   358      0.192      0.366     -0.221      0.752      0.588
  1140         -1  (dbar)             -73   862   973  1320  1320     0   144      1.745     -1.053     15.382     15.526      0.545
  1141          2  (u)                -73   853   981  1312  1312   327     0      2.181      1.003     -3.712      4.455      0.552
  1142         21  (g)                -73   888   907  1316  1316   138   121      0.587      0.702      1.420      1.716      0.299
  1143         21  (g)                -73   876   908  1318  1318   143   196      0.802     -1.325      4.630      4.902      0.437
  1144         21  (g)                -73   879   932  1148     0   263   316      0.157      0.430      6.177      6.195      0.075
  1145         21  (g)                -73   898   923  1344  1344   149   217      0.704     -1.005    659.297    659.298      0.100
  1146         21  (g)                -73   889   915  1338  1338   316   132     -0.093      1.140      8.048      8.131      0.188
  1147         21  (g)                -73   863   899  1340  1340   314   211      0.568      0.101     23.961     23.969      0.210
  1148         21  (g)                -73   783  1144  1339  1339   211   316      0.692      0.579     14.366     14.402      0.477
  1149         21  (g)                -73   847   974  1342  1342   205   180     -1.930      1.441    269.574    269.586      0.581
  1150         21  (g)                -73   818   844  1297  1297   312   270      0.180      0.927     20.044     20.067      0.234
  1151         -2  (ubar)             -73   813   842  1298  1298     0   312      0.429     -2.789    130.364    130.396      0.696
  1152         21  (g)                -73   748   769  1450  1450   282   195      0.332     -5.769     -6.920      9.017      0.195
  1153         -5  (bbar)             -73  1011  1010  1456  1456     0   346     -4.942    -49.909     84.309     98.245      5.347
  1154         21  (g)                -73   768   771  1444  1444   309   133      0.904      0.775   -215.716    215.720      0.593
  1155         21  (g)                -73   784   804  1395  1395   223   131      1.617     -2.168     -5.222      5.882      0.088
  1156         21  (g)                -73   939   944  1163     0   176   289     -0.530      0.455    -53.709     53.714      0.096
  1157         21  (g)                -73   801   977  1160     0   173   175      0.842      1.468     -6.263      6.489      0.143
  1158         21  (g)                -73   848   945  1391  1391   177   209     -0.186      1.625     -9.345      9.489      0.189
  1159         21  (g)                -73   789   890  1390  1390   209   176     -0.575     -0.005    -12.103     12.119      0.215
  1160         21  (g)                -73   946  1157  1393  1393   173   292      1.132      2.201     -8.983      9.322      0.252
  1161         21  (g)                -73   833   891  1396  1396   140   223      1.694     -1.455     -3.107      3.838      0.302
  1162         -3  (sbar)             -73   926   931  1398  1398     0   153      0.964      0.375      0.375      1.349      0.782
  1163         21  (g)                -73   940  1156  1389  1389   176   135     -1.662      1.200   -187.245    187.257      0.326
  1164         21  (g)                -73   785   958  1386  1386   265   164      3.728      0.459   -281.373    281.398      0.371
  1165         21  (g)                -73   885   919  1397  1397   153   140      3.452     -1.377     -2.414      4.467      0.565
  1166          1  (d)                -71   989   989  1168  1169   333     0     -0.235      0.147   -515.252    515.252      0.330
  1167         -2  (ubar)             -71   988   988  1168  1169     0   333     -1.087      0.802   -282.863    282.866      0.330
  1168        311  (K0)               -83  1166  1167  1701  1701     0     0     -0.898      0.444   -581.504    581.505      0.498
  1169       -323  (K*-)              -84  1166  1167  1702  1703     0     0     -0.424      0.505   -216.611    216.613      0.811
  1170          2  (u)                -71   948   948  1172  1174   167     0      0.184      0.171      9.254      9.263      0.330
  1171         -1  (dbar)             -71   941   941  1172  1174     0   167     -0.927      0.926      3.848      4.079      0.330
  1172        213  (rho+)             -83  1170  1171  1704  1705     0     0      0.089      0.004      6.253      6.302      0.776
  1173       -211  pi-                 84  1170  1171     0     0     0     0     -0.668      1.076      6.541      6.664      0.140
  1174        211  pi+                 84  1170  1171     0     0     0     0     -0.163      0.016      0.308      0.376      0.140
  1175          2  (u)                -71   884   884  1177  1180   161     0      3.299     -0.229    -13.269     13.679      0.330
  1176         -1  (dbar)             -71   928   928  1177  1180     0   161      0.007     -0.944     -8.331      8.391      0.330
  1177        211  pi+                 83  1175  1176     0     0     0     0     -0.011      0.046     -3.552      3.555      0.140
  1178        111  (pi0)              -83  1175  1176  1908  1909     0     0      2.818     -0.627    -10.383     10.778      0.135
  1179       -211  pi-                 84  1175  1176     0     0     0     0      0.259     -0.685     -4.915      4.971      0.140
  1180        211  pi+                 84  1175  1176     0     0     0     0      0.240      0.095     -2.750      2.766      0.140
  1181       2212  p+                  83   837   838     0     0     0     0      0.706     -0.095      2.514      2.776      0.938
  1182        211  pi+                 83   837   838     0     0     0     0      0.754      0.648      2.171      2.392      0.140
  1183      -2224  (Deltabar--)       -83   837   838  1706  1707     0     0      2.258      0.851      5.723      6.357      1.352
  1184        111  (pi0)              -84   837   838  1910  1911     0     0     -0.186      0.052      2.498      2.509      0.135
  1185          3  (s)                -71   930   930  1192  1202   274     0      0.749      1.735      2.146      2.903      0.500
  1186         21  (g)                -71  1110  1110  1192  1202   116   274     -2.366     -0.128      4.360      4.975      0.349
  1187         21  (g)                -71  1109  1109  1192  1202   170   116     -1.518      0.926      1.654      2.440      0.243
  1188         21  (g)                -71  1106  1106  1192  1202   145   170     -0.953      1.069      1.414      2.017      0.133
  1189         21  (g)                -71   828   828  1192  1202   168   145     -0.925      3.116      0.646      3.314      0.000
  1190         21  (g)                -71  1111  1111  1192  1202   291   168      1.223      0.775     -0.943      1.772      0.393
  1191         -2  (ubar)             -71  1107  1107  1192  1202     0   291      0.187      1.229     -1.447      1.962      0.461
  1192       -313  (K*bar0)           -83  1185  1191  1708  1709     0     0      0.212      1.407      2.008      2.621      0.904
  1193        111  (pi0)              -83  1185  1191  1912  1913     0     0     -0.061      0.041      0.149      0.214      0.135
  1194       -213  (rho-)             -83  1185  1191  1710  1711     0     0     -0.406      0.049      1.437      1.641      0.679
  1195        113  (rho0)             -83  1185  1191  1712  1713     0     0     -0.652      0.416      1.602      2.005      0.924
  1196       3222  (Sigma+)           -83  1185  1191  1914  1915     0     0     -2.709      0.959      2.454      3.962      1.189
  1197      -3222  (Sigmabar-)        -84  1185  1191  1916  1917     0     0     -0.347      1.720      1.399      2.539      1.189
  1198        111  (pi0)              -84  1185  1191  1918  1919     0     0      0.161      0.490      0.906      1.051      0.135
  1199        221  (eta)              -84  1185  1191  1920  1922     0     0     -0.627      1.421      0.012      1.647      0.548
  1200        213  (rho+)             -84  1185  1191  1714  1715     0     0      0.158      0.654     -0.652      1.213      0.769
  1201       -213  (rho-)             -84  1185  1191  1716  1717     0     0      0.670      1.359     -1.444      2.239      0.795
  1202        111  (pi0)              -84  1185  1191  1923  1924     0     0     -0.002      0.208     -0.042      0.251      0.135
  1203          2  (u)                -71   747   747  1210  1220   134     0     12.648     -7.948      5.677     15.984      0.330
  1204         21  (g)                -71   770   770  1210  1220   307   134      1.878     -2.168      1.331      3.163      0.000
  1205         21  (g)                -71   767   767  1210  1220   261   307      2.635     -1.760      0.637      3.232      0.000
  1206         21  (g)                -71   766   766  1210  1220   259   261      6.100     -5.425     -0.205      8.166      0.000
  1207         21  (g)                -71   753   753  1210  1220   240   259      5.587     -4.264     -0.520      7.047      0.000
  1208         21  (g)                -71   762   762  1210  1220   105   240      0.835     -0.113      0.237      0.876      0.000
  1209         -1  (dbar)             -71   750   750  1210  1220     0   105      4.639      0.392     -2.424      5.260      0.330
  1210        211  pi+                 83  1203  1209     0     0     0     0      1.745     -1.320      0.933      2.383      0.140
  1211        223  (omega)            -83  1203  1209  1925  1927     0     0      4.985     -2.910      2.014      6.161      0.763
  1212       -211  pi-                 83  1203  1209     0     0     0     0      2.238     -2.103      1.537      3.437      0.140
  1213        331  (eta')             -83  1203  1209  1928  1930     0     0      7.125     -4.557      2.079      8.762      0.958
  1214        211  pi+                 83  1203  1209     0     0     0     0      3.727     -3.463      0.130      5.091      0.140
  1215        113  (rho0)             -83  1203  1209  1718  1719     0     0      4.606     -3.510      1.268      5.974      0.738
  1216       -211  pi-                 84  1203  1209     0     0     0     0      1.496     -1.087     -0.659      1.968      0.140
  1217        111  (pi0)              -84  1203  1209  1931  1932     0     0      3.092     -2.216     -0.460      3.834      0.135
  1218        221  (eta)              -84  1203  1209  1933  1934     0     0      0.908     -0.271     -0.040      1.095      0.548
  1219        211  pi+                 84  1203  1209     0     0     0     0      1.288     -0.001     -0.032      1.296      0.140
  1220        111  (pi0)              -84  1203  1209  1935  1936     0     0      3.112      0.152     -2.038      3.726      0.135
  1221          1  (d)                -71   754   754  1229  1239   113     0     -1.056     -1.161     -1.915      2.499      0.330
  1222         21  (g)                -71   759   759  1229  1239   253   113     -2.306     -1.044     -2.567      3.605      0.000
  1223         21  (g)                -71   765   765  1229  1239   212   253     -3.706     -1.435     -7.150      8.180      0.000
  1224         21  (g)                -71   749   749  1229  1239   111   212     -4.955     -0.838     -8.437      9.820      0.000
  1225         21  (g)                -71   751   751  1229  1239   119   111     -4.243     -0.405    -11.511     12.275      0.000
  1226         21  (g)                -71   819   819  1229  1239   278   119     -0.336     -0.531     -3.852      3.903      0.000
  1227         21  (g)                -71   812   812  1229  1239   210   278      0.069      0.558     -2.654      2.713      0.000
  1228         -4  (cbar)             -71   807   807  1229  1239     0   210     -3.269      2.703    -33.924     34.221      1.500
  1229        221  (eta)              -83  1221  1228  1937  1939     0     0     -2.948     -1.799     -5.057      6.148      0.548
  1230        223  (omega)            -83  1221  1228  1940  1941     0     0     -1.416     -0.578     -2.238      2.820      0.778
  1231       -211  pi-                 83  1221  1228     0     0     0     0     -0.853     -0.083     -1.015      1.336      0.140
  1232        221  (eta)              -83  1221  1228  1942  1944     0     0     -1.528     -0.492     -2.636      3.135      0.548
  1233        111  (pi0)              -83  1221  1228  1945  1946     0     0     -1.912     -1.012     -3.710      4.297      0.135
  1234        211  pi+                 84  1221  1228     0     0     0     0     -0.625      0.108     -3.193      3.258      0.140
  1235        223  (omega)            -84  1221  1228  1947  1949     0     0     -1.024     -0.121     -3.045      3.308      0.780
  1236       -211  pi-                 84  1221  1228     0     0     0     0     -4.605     -0.294     -8.321      9.516      0.140
  1237       2212  p+                  84  1221  1228     0     0     0     0     -0.701     -0.207     -5.728      5.850      0.938
  1238        221  (eta)              -84  1221  1228  1950  1951     0     0     -1.325      0.291     -5.055      5.263      0.548
  1239      -4122  (Lambda_cbar-)     -84  1221  1228  1952  1954     0     0     -2.865      2.032    -32.009     32.282      2.286
  1240          2  (u)                -71  1072  1072  1249  1263   352     0     -0.559      0.662     -0.794      1.220      0.330
  1241         21  (g)                -71  1138  1138  1249  1263   358   352     -0.672      1.326     -0.215      1.523      0.249
  1242         21  (g)                -71  1139  1139  1249  1263   366   358      0.192      0.366     -0.221      0.752      0.588
  1243         21  (g)                -71  1068  1068  1249  1263   354   366      0.696      0.918      1.056      1.563      0.000
  1244         21  (g)                -71  1058  1058  1249  1263   103   354     -0.644      3.042      2.039      3.718      0.000
  1245         21  (g)                -71  1057  1057  1249  1263   362   103      0.776      1.690     -0.498      1.925      0.000
  1246         21  (g)                -71  1067  1067  1249  1263   353   362      0.080      0.096     -0.766      0.776      0.000
  1247         21  (g)                -71  1066  1066  1249  1263   365   353     -0.980     -0.071     -1.099      1.474      0.000
  1248         -1  (dbar)             -71  1065  1065  1249  1263     0   365     -8.390      3.860     -9.167     13.017      0.330
  1249        211  pi+                 83  1240  1248     0     0     0     0      0.129      0.110     -0.204      0.299      0.140
  1250       -213  (rho-)             -83  1240  1248  1720  1721     0     0     -0.701      1.575     -0.927      2.105      0.774
  1251        113  (rho0)             -83  1240  1248  1722  1723     0     0      0.099      0.756      0.621      1.136      0.568
  1252        113  (rho0)             -83  1240  1248  1724  1725     0     0     -0.570      0.702      0.267      1.150      0.659
  1253        111  (pi0)              -83  1240  1248  1955  1956     0     0     -0.143      0.669      0.438      0.824      0.135
  1254        211  pi+                 83  1240  1248     0     0     0     0      0.230      0.575      0.057      0.637      0.140
  1255       -213  (rho-)             -83  1240  1248  1726  1727     0     0      0.596      1.298      0.923      1.788      0.552
  1256        211  pi+                 83  1240  1248     0     0     0     0      0.321      0.304      0.263      0.533      0.140
  1257       -211  pi-                 83  1240  1248     0     0     0     0     -1.084      1.197      0.067      1.623      0.140
  1258        323  (K*+)              -83  1240  1248  1728  1729     0     0      0.026      0.384     -1.314      1.625      0.875
  1259       -321  K-                  83  1240  1248     0     0     0     0     -0.772      1.137     -1.116      1.838      0.494
  1260        113  (rho0)             -84  1240  1248  1730  1731     0     0     -2.820      0.793     -2.780      4.145      0.934
  1261        211  pi+                 84  1240  1248     0     0     0     0      0.059     -0.129     -0.344      0.397      0.140
  1262       -211  pi-                 84  1240  1248     0     0     0     0     -1.406      0.655     -1.324      2.044      0.140
  1263        211  pi+                 84  1240  1248     0     0     0     0     -3.464      1.865     -4.293      5.825      0.140
  1264          2  (u)                -71  1050  1050  1274  1291   360     0     -1.692      7.368     27.320     28.348      0.330
  1265         21  (g)                -71  1051  1051  1274  1291   357   360     -0.518      3.099     16.894     17.183      0.000
  1266         21  (g)                -71  1104  1104  1274  1291   359   357      0.046      1.459      6.772      6.938      0.379
  1267         21  (g)                -71  1062  1062  1274  1291   364   359      0.746      5.012      9.999     11.210      0.000
  1268         21  (g)                -71  1063  1063  1274  1291   347   364     -0.099      3.650      5.031      6.216      0.000
  1269         21  (g)                -71  1105  1105  1274  1291   356   347     -2.693      7.236     11.779     14.093      0.506
  1270         21  (g)                -71  1075  1075  1274  1291   367   356     -0.077     -0.062     -0.126      0.160      0.000
  1271         21  (g)                -71  1074  1074  1274  1291   350   367     -0.693     -0.197      1.944      2.073      0.000
  1272         21  (g)                -71  1054  1054  1274  1291   361   350      0.289      0.499      0.543      0.792      0.000
  1273         -2  (ubar)             -71  1071  1071  1274  1291     0   361     -0.808      1.116     -0.078      1.419      0.330
  1274        213  (rho+)             -83  1264  1273  1732  1733     0     0     -1.199      5.975     22.195     23.031      0.812
  1275        111  (pi0)              -83  1264  1273  1957  1958     0     0     -0.203      1.319      7.968      8.080      0.135
  1276       -211  pi-                 83  1264  1273     0     0     0     0     -0.479      2.689      7.786      8.252      0.140
  1277        113  (rho0)             -83  1264  1273  1734  1735     0     0      0.078      1.708      7.951      8.224      1.220
  1278        211  pi+                 83  1264  1273     0     0     0     0     -0.080      2.097      6.073      6.426      0.140
  1279        111  (pi0)              -83  1264  1273  1959  1960     0     0      0.071      0.173      1.055      1.079      0.135
  1280       -211  pi-                 83  1264  1273     0     0     0     0      0.115      0.299      0.863      0.931      0.140
  1281        211  pi+                 83  1264  1273     0     0     0     0     -0.280      1.966      2.842      3.470      0.140
  1282        221  (eta)              -83  1264  1273  1961  1963     0     0      0.023      0.514      2.076      2.208      0.548
  1283       -213  (rho-)             -83  1264  1273  1736  1737     0     0     -0.680      3.231      6.406      7.251      0.794
  1284        323  (K*+)              -83  1264  1273  1738  1739     0     0     -0.185      2.519      4.317      5.084      0.913
  1285       -311  (Kbar0)            -83  1264  1273  1740  1740     0     0     -0.210      1.292      1.298      1.909      0.498
  1286        111  (pi0)              -83  1264  1273  1964  1965     0     0     -0.693      2.157      3.237      3.953      0.135
  1287        221  (eta)              -84  1264  1273  1966  1968     0     0     -1.054      1.534      4.416      4.824      0.548
  1288       -211  pi-                 84  1264  1273     0     0     0     0      0.431      0.549      0.444      0.839      0.140
  1289        111  (pi0)              -84  1264  1273  1969  1970     0     0     -0.083      0.075      0.655      0.678      0.135
  1290        211  pi+                 84  1264  1273     0     0     0     0     -1.425      0.774      0.503      1.703      0.140
  1291       -211  pi-                 84  1264  1273     0     0     0     0      0.354      0.310     -0.007      0.491      0.140
  1292          4  (c)                -71   810   810  1299  1311   172     0     -0.085      1.212     -0.639      2.034      1.500
  1293         21  (g)                -71   820   820  1299  1311   296   172     -0.230      0.332      1.016      1.093      0.000
  1294         21  (g)                -71   836   836  1299  1311   125   296     -4.063     -0.590     17.725     18.194      0.000
  1295         21  (g)                -71   814   814  1299  1311   310   125      0.300     -1.342      8.469      8.580      0.000
  1296         21  (g)                -71   822   822  1299  1311   270   310      0.089      0.180      0.546      0.581      0.000
  1297         21  (g)                -71  1150  1150  1299  1311   312   270      0.180      0.927     20.044     20.067      0.234
  1298         -2  (ubar)             -71  1151  1151  1299  1311     0   312      0.429     -2.789    130.364    130.396      0.696
  1299        423  (D*0)              -83  1292  1298  1971  1972     0     0      0.290      0.880      0.179      2.218      2.007
  1300        211  pi+                 83  1292  1298     0     0     0     0     -0.381      0.201      0.742      0.870      0.140
  1301        223  (omega)            -83  1292  1298  1973  1975     0     0     -0.467      0.148      1.923      2.134      0.784
  1302        111  (pi0)              -83  1292  1298  1976  1977     0     0     -0.303     -0.132      0.025      0.358      0.135
  1303       -211  pi-                 83  1292  1298     0     0     0     0     -0.088      0.076      0.562      0.590      0.140
  1304        213  (rho+)             -83  1292  1298  1741  1742     0     0     -0.744     -0.012      2.663      2.895      0.858
  1305       -211  pi-                 83  1292  1298     0     0     0     0     -1.620     -0.014      9.881     10.014      0.140
  1306        111  (pi0)              -84  1292  1298  1978  1979     0     0      0.062     -0.627      2.684      2.760      0.135
  1307        331  (eta')             -84  1292  1298  1980  1981     0     0     -0.698     -0.072      5.176      5.311      0.958
  1308        113  (rho0)             -84  1292  1298  1743  1744     0     0     -0.170     -0.354      9.538      9.574      0.736
  1309        223  (omega)            -84  1292  1298  1982  1984     0     0      0.027      0.400     13.178     13.207      0.777
  1310        323  (K*+)              -84  1292  1298  1745  1746     0     0      0.458     -0.607     43.705     43.721      0.879
  1311       -323  (K*-)              -84  1292  1298  1747  1748     0     0      0.254     -1.956     87.267     87.294      0.891
  1312          2  (u)                -71  1141  1141  1321  1336   327     0      2.181      1.003     -3.712      4.455      0.552
  1313         21  (g)                -71   912   912  1321  1336   285   327     -1.781      2.034      4.818      5.524      0.000
  1314         21  (g)                -71   883   883  1321  1336   139   285     -1.992      3.475      7.183      8.224      0.000
  1315         21  (g)                -71   829   829  1321  1336   121   139      0.087      0.805      1.851      2.020      0.000
  1316         21  (g)                -71  1142  1142  1321  1336   138   121      0.587      0.702      1.420      1.716      0.299
  1317         21  (g)                -71   869   869  1321  1336   196   138      2.730      0.596      5.721      6.367      0.000
  1318         21  (g)                -71  1143  1143  1321  1336   143   196      0.802     -1.325      4.630      4.902      0.437
  1319         21  (g)                -71   897   897  1321  1336   144   143      3.610      0.539     17.407     17.786      0.000
  1320         -1  (dbar)             -71  1140  1140  1321  1336     0   144      1.745     -1.053     15.382     15.526      0.545
  1321        213  (rho+)             -83  1312  1320  1749  1750     0     0      0.528      0.357     -0.384      1.030      0.713
  1322       -213  (rho-)             -83  1312  1320  1751  1752     0     0      0.581      0.376     -1.769      2.002      0.632
  1323        211  pi+                 83  1312  1320     0     0     0     0      0.857     -0.198     -0.729      1.151      0.140
  1324        113  (rho0)             -83  1312  1320  1753  1754     0     0     -0.136      0.947      0.366      1.504      1.102
  1325        223  (omega)            -83  1312  1320  1985  1987     0     0     -0.455      1.151      1.702      2.248      0.792
  1326       -211  pi-                 83  1312  1320     0     0     0     0     -1.547      1.506      5.722      6.117      0.140
  1327        211  pi+                 83  1312  1320     0     0     0     0     -0.546      2.342      2.832      3.718      0.140
  1328        113  (rho0)             -83  1312  1320  1755  1756     0     0      1.072      0.654      2.542      2.963      0.859
  1329       -211  pi-                 83  1312  1320     0     0     0     0     -0.171      0.579      3.469      3.524      0.140
  1330        211  pi+                 83  1312  1320     0     0     0     0      0.569      0.754      2.085      2.293      0.140
  1331        313  (K*0)              -84  1312  1320  1757  1758     0     0      0.955     -0.807      5.815      6.017      0.912
  1332        333  (phi)              -84  1312  1320  1988  1989     0     0      1.783      0.190      4.857      5.279      1.030
  1333       -321  K-                  84  1312  1320     0     0     0     0      1.243     -0.128      5.796      5.950      0.494
  1334        211  pi+                 84  1312  1320     0     0     0     0      0.443     -0.426      3.144      3.206      0.140
  1335       -211  pi-                 84  1312  1320     0     0     0     0      1.430     -0.279      8.873      8.993      0.140
  1336        213  (rho+)             -84  1312  1320  1759  1760     0     0      1.361     -0.241     10.381     10.524      1.042
  1337          1  (d)                -71   849   849  1347  1363   132     0      0.007      0.448      0.983      1.130      0.330
  1338         21  (g)                -71  1146  1146  1347  1363   316   132     -0.093      1.140      8.048      8.131      0.188
  1339         21  (g)                -71  1148  1148  1347  1363   211   316      0.692      0.579     14.366     14.402      0.477
  1340         21  (g)                -71  1147  1147  1347  1363   314   211      0.568      0.101     23.961     23.969      0.210
  1341         21  (g)                -71   830   830  1347  1363   180   314     -0.563      1.869    119.622    119.638      0.000
  1342         21  (g)                -71  1149  1149  1347  1363   205   180     -1.930      1.441    269.574    269.586      0.581
  1343         21  (g)                -71   918   918  1347  1363   217   205     -1.617     -0.292    344.906    344.910      0.000
  1344         21  (g)                -71  1145  1145  1347  1363   149   217      0.704     -1.005    659.297    659.298      0.100
  1345         21  (g)                -71   910   910  1347  1363   215   149     -0.199     -1.739    490.349    490.352      0.000
  1346         -3  (sbar)             -71   920   920  1347  1363     0   215     -0.967     -1.722    436.964    436.968      0.500
  1347        223  (omega)            -83  1337  1346  1990  1992     0     0     -0.327      1.139      6.428      6.580      0.755
  1348        111  (pi0)              -83  1337  1346  1993  1994     0     0      0.499      0.101      4.053      4.087      0.135
  1349       -213  (rho-)             -83  1337  1346  1761  1762     0     0     -0.215      0.132      8.361      8.395      0.713
  1350        111  (pi0)              -83  1337  1346  1995  1996     0     0      0.636      0.628     13.687     13.717      0.135
  1351        211  pi+                 83  1337  1346     0     0     0     0     -0.134      0.275     15.313     15.317      0.140
  1352       -211  pi-                 83  1337  1346     0     0     0     0     -0.288     -0.156     15.079     15.083      0.140
  1353        323  (K*+)              -83  1337  1346  1763  1764     0     0     -0.168      0.543     48.877     48.889      0.904
  1354       -313  (K*bar0)           -83  1337  1346  1765  1766     0     0      0.222      0.648     68.280     68.289      0.889
  1355        221  (eta)              -83  1337  1346  1997  1999     0     0     -0.367      0.075     37.629     37.635      0.548
  1356        111  (pi0)              -83  1337  1346  2000  2001     0     0      0.103      0.245     47.080     47.081      0.135
  1357       -213  (rho-)             -83  1337  1346  1767  1768     0     0     -0.453      1.227     97.429     97.439      0.548
  1358        111  (pi0)              -84  1337  1346  2002  2003     0     0     -0.531     -0.407    185.165    185.167      0.135
  1359        213  (rho+)             -84  1337  1346  1769  1770     0     0      0.012      0.588    101.849    101.853      0.649
  1360       2214  (Delta+)           -84  1337  1346  1771  1772     0     0     -0.280     -0.882    398.875    398.878      1.254
  1361        221  (eta)              -84  1337  1346  2004  2005     0     0     -1.055     -0.203    278.282    278.285      0.548
  1362      -2224  (Deltabar--)       -84  1337  1346  1773  1774     0     0     -0.640     -0.961    451.325    451.328      1.228
  1363        321  K+                  84  1337  1346     0     0     0     0     -0.412     -2.174    590.358    590.363      0.494
  1364          1  (d)                -71  1094  1094  1373  1383   373     0     -1.986     38.917     46.956     61.020      0.330
  1365         21  (g)                -71  1095  1095  1373  1383   370   373     -1.180     17.030     19.540     25.946      0.000
  1366         21  (g)                -71  1096  1096  1373  1383   368   370     -0.224     13.960     17.109     22.083      0.000
  1367         21  (g)                -71  1093  1093  1373  1383   369   368     -0.617     13.272     18.313     22.625      0.000
  1368         21  (g)                -71  1092  1092  1373  1383   372   369      0.401      0.819      1.021      1.369      0.000
  1369         21  (g)                -71  1097  1097  1373  1383   374   372     -0.153     -0.188      1.494      1.513      0.000
  1370         21  (g)                -71  1098  1098  1373  1383   104   374     -0.738      1.466      9.764      9.901      0.000
  1371         21  (g)                -71  1099  1099  1373  1383   371   104     -0.870      5.481     49.359     49.670      0.000
  1372         -2  (ubar)             -71  1088  1088  1373  1383     0   371     -2.875     10.755     88.989     89.683      0.330
  1373        111  (pi0)              -83  1364  1372  2006  2007     0     0     -1.129     19.724     23.333     30.574      0.135
  1374        223  (omega)            -83  1364  1372  2008  2010     0     0     -2.104     40.516     49.977     64.377      0.781
  1375       -213  (rho-)             -83  1364  1372  1775  1776     0     0      0.244     13.445     16.634     21.426      1.253
  1376        223  (omega)            -83  1364  1372  2011  2013     0     0     -1.015      9.177     11.128     14.482      0.799
  1377       2212  p+                  83  1364  1372     0     0     0     0     -0.066      1.221      8.111      8.256      0.938
  1378      -3122  (Lambdabar0)       -83  1364  1372  2014  2015     0     0      0.115      1.057      6.962      7.130      1.116
  1379        333  (phi)              -83  1364  1372  2016  2017     0     0     -0.686      1.081      8.986      9.134      1.016
  1380       3322  (Xi0)              -84  1364  1372  2018  2019     0     0     -0.675      3.171     26.206     26.439      1.315
  1381      -3212  (Sigmabar0)        -84  1364  1372  2020  2021     0     0     -0.869      4.908     41.628     41.942      1.193
  1382       -211  pi-                 84  1364  1372     0     0     0     0     -1.071      3.252     27.064     27.280      0.140
  1383        111  (pi0)              -84  1364  1372  2022  2023     0     0     -0.986      3.959     32.516     32.771      0.135
  1384          1  (d)                -71   777   777  1399  1424   218     0      2.163     -1.376   -219.697    219.712      0.330
  1385         21  (g)                -71   936   936  1399  1424   164   218      2.383     -0.492   -182.621    182.637      0.000
  1386         21  (g)                -71  1164  1164  1399  1424   265   164      3.728      0.459   -281.373    281.398      0.371
  1387         21  (g)                -71   938   938  1399  1424   184   265     -2.133     -0.289   -410.633    410.639      0.000
  1388         21  (g)                -71   872   872  1399  1424   135   184     -1.411      0.468   -172.791    172.798      0.000
  1389         21  (g)                -71  1163  1163  1399  1424   176   135     -1.662      1.200   -187.245    187.257      0.326
  1390         21  (g)                -71  1159  1159  1399  1424   209   176     -0.575     -0.005    -12.103     12.119      0.215
  1391         21  (g)                -71  1158  1158  1399  1424   177   209     -0.186      1.625     -9.345      9.489      0.189
  1392         21  (g)                -71   791   791  1399  1424   292   177     -0.171      0.461     -1.418      1.501      0.000
  1393         21  (g)                -71  1160  1160  1399  1424   173   292      1.132      2.201     -8.983      9.322      0.252
  1394         21  (g)                -71   854   854  1399  1424   131   173      0.335     -0.490     -2.538      2.607      0.000
  1395         21  (g)                -71  1155  1155  1399  1424   223   131      1.617     -2.168     -5.222      5.882      0.088
  1396         21  (g)                -71  1161  1161  1399  1424   140   223      1.694     -1.455     -3.107      3.838      0.302
  1397         21  (g)                -71  1165  1165  1399  1424   153   140      3.452     -1.377     -2.414      4.467      0.565
  1398         -3  (sbar)             -71  1162  1162  1399  1424     0   153      0.964      0.375      0.375      1.349      0.782
  1399       -211  pi-                 83  1384  1398     0     0     0     0      1.354     -0.348    -95.432     95.442      0.140
  1400        113  (rho0)             -83  1384  1398  1777  1778     0     0      3.754     -0.846   -356.888    356.909      0.620
  1401        213  (rho+)             -83  1384  1398  1779  1780     0     0      0.765     -0.497    -92.495     92.503      0.833
  1402       -211  pi-                 83  1384  1398     0     0     0     0      0.314      0.232    -11.401     11.409      0.140
  1403        323  (K*+)              -83  1384  1398  1781  1782     0     0      0.207      0.002   -117.729    117.733      0.915
  1404       -321  K-                  83  1384  1398     0     0     0     0      0.551     -0.784   -102.897    102.903      0.494
  1405        113  (rho0)             -83  1384  1398  1783  1784     0     0     -0.067      0.711   -126.504    126.508      0.786
  1406        111  (pi0)              -83  1384  1398  2024  2025     0     0     -2.554      0.459   -394.816    394.825      0.135
  1407        111  (pi0)              -83  1384  1398  2026  2027     0     0      0.316      0.548    -20.343     20.354      0.135
  1408        111  (pi0)              -83  1384  1398  2028  2029     0     0     -1.088      0.374    -27.625     27.650      0.135
  1409        111  (pi0)              -83  1384  1398  2030  2031     0     0     -0.331     -0.204    -15.506     15.511      0.135
  1410        213  (rho+)             -83  1384  1398  1785  1786     0     0     -0.285      0.500    -74.663     74.668      0.671
  1411        111  (pi0)              -83  1384  1398  2032  2033     0     0      0.037     -0.000     -2.232      2.236      0.135
  1412       3212  (Sigma0)           -83  1384  1398  2034  2035     0     0      0.155      1.043    -14.320     14.408      1.193
  1413        111  (pi0)              -84  1384  1398  2036  2037     0     0     -0.570      0.252    -15.947     15.960      0.135
  1414      -3222  (Sigmabar-)        -84  1384  1398  2038  2039     0     0      0.191      0.945     -5.546      5.754      1.189
  1415       3212  (Sigma0)           -84  1384  1398  2040  2041     0     0      0.623      0.034     -6.713      6.847      1.193
  1416      -3112  (Sigmabar+)        -84  1384  1398  2042  2043     0     0     -0.294      0.262     -4.014      4.207      1.197
  1417        113  (rho0)             -84  1384  1398  1787  1788     0     0      0.933     -0.016     -3.453      3.659      0.768
  1418        221  (eta)              -84  1384  1398  2044  2046     0     0      1.373     -0.921     -3.327      3.756      0.548
  1419        311  (K0)               -84  1384  1398  1789  1789     0     0      0.415     -0.118     -0.096      0.666      0.498
  1420       -311  (Kbar0)            -84  1384  1398  1790  1790     0     0      0.296     -1.065     -1.286      1.768      0.498
  1421       -213  (rho-)             -84  1384  1398  1791  1792     0     0      3.184     -0.948     -5.083      6.118      0.745
  1422        111  (pi0)              -84  1384  1398  2047  2048     0     0      0.231      0.153     -0.698      0.763      0.135
  1423        223  (omega)            -84  1384  1398  2049  2051     0     0      1.069     -0.781      0.027      1.540      0.786
  1424        321  K+                  84  1384  1398     0     0     0     0      0.749      0.148     -0.128      0.918      0.494
  1425          5  (b)                -71   997   997  1431  1442   336     0      9.653    -55.453    -26.380     62.347      4.800
  1426         21  (g)                -71  1001  1001  1431  1442   342   336     -0.448     -0.353     -0.213      0.609      0.000
  1427         21  (g)                -71  1002  1002  1431  1442   337   342      0.200     -1.500      0.333      1.549      0.000
  1428         21  (g)                -71  1003  1003  1431  1442   340   337     -0.228     -0.198     -0.247      0.390      0.000
  1429         21  (g)                -71   998   998  1431  1442   101   340      0.983     -0.749      0.019      1.236      0.000
  1430         -1  (dbar)             -71   984   984  1431  1442     0   101      0.450      0.702    350.698    350.700      0.330
  1431       -513  (B*bar0)           -83  1425  1430  2052  2053     0     0      8.680    -51.008    -24.465     57.480      5.325
  1432        221  (eta)              -83  1425  1430  2054  2056     0     0      0.168     -3.048     -0.725      3.185      0.548
  1433        111  (pi0)              -83  1425  1430  2057  2058     0     0     -0.134     -0.159     -0.862      0.897      0.135
  1434        111  (pi0)              -83  1425  1430  2059  2060     0     0      0.902     -2.613     -0.269      2.781      0.135
  1435        113  (rho0)             -83  1425  1430  1793  1794     0     0     -0.020     -1.881      0.640      2.282      1.122
  1436       -211  pi-                 83  1425  1430     0     0     0     0      0.488      0.184      0.503      0.737      0.140
  1437        221  (eta)              -84  1425  1430  2061  2062     0     0      0.176      0.011      5.283      5.314      0.548
  1438        211  pi+                 84  1425  1430     0     0     0     0      0.300      0.525     23.147     23.155      0.140
  1439        223  (omega)            -84  1425  1430  2063  2065     0     0     -0.710      0.221     16.932     16.966      0.774
  1440       -213  (rho-)             -84  1425  1430  1795  1796     0     0      0.793      0.379    150.129    150.135      0.956
  1441        111  (pi0)              -84  1425  1430  2066  2067     0     0     -0.027     -0.113    131.485    131.485      0.135
  1442        211  pi+                 84  1425  1430     0     0     0     0     -0.005     -0.048     22.413     22.414      0.140
  1443          1  (d)                -71   800   800  1457  1499   133     0     -0.092      3.149     90.952     91.007      0.330
  1444         21  (g)                -71  1154  1154  1457  1499   309   133      0.904      0.775   -215.716    215.720      0.593
  1445         21  (g)                -71   752   752  1457  1499   224   309      0.800      1.796   -384.916    384.921      0.000
  1446         21  (g)                -71   760   760  1457  1499   106   224      0.053      1.005   -294.889    294.891      0.000
  1447         21  (g)                -71   763   763  1457  1499   241   106     -0.695      0.771   -220.252    220.255      0.000
  1448         21  (g)                -71   756   756  1457  1499   156   241      0.303      0.303    -15.262     15.268      0.000
  1449         21  (g)                -71   758   758  1457  1499   195   156     -0.389     -2.372     -7.032      7.431      0.000
  1450         21  (g)                -71  1152  1152  1457  1499   282   195      0.332     -5.769     -6.920      9.017      0.195
  1451         21  (g)                -71   764   764  1457  1499   248   282     -1.173     -1.144     -2.027      2.607      0.000
  1452         21  (g)                -71   757   757  1457  1499   155   248     -0.459     -2.247     -5.386      5.854      0.000
  1453         21  (g)                -71   755   755  1457  1499   239   155     -0.822     -0.472     -1.437      1.721      0.000
  1454         21  (g)                -71   761   761  1457  1499   102   239     -0.878      0.839     -0.062      1.216      0.000
  1455         21  (g)                -71  1009  1009  1457  1499   346   102      0.060     -0.088     -0.146      0.181      0.000
  1456         -5  (bbar)             -71  1153  1153  1457  1499     0   346     -4.942    -49.909     84.309     98.245      5.347
  1457        223  (omega)            -83  1443  1456  2068  2070     0     0      0.250      1.541     45.887     45.920      0.783
  1458       -213  (rho-)             -83  1443  1456  1797  1798     0     0     -0.246      1.140     31.579     31.611      0.809
  1459        113  (rho0)             -83  1443  1456  1799  1800     0     0      0.174      0.291      7.024      7.146      1.274
  1460        111  (pi0)              -83  1443  1456  2071  2072     0     0      0.196     -0.405      2.450      2.494      0.135
  1461        111  (pi0)              -83  1443  1456  2073  2074     0     0     -0.430      0.536      2.377      2.478      0.135
  1462        111  (pi0)              -83  1443  1456  2075  2076     0     0     -0.224      0.038      0.636      0.688      0.135
  1463       2212  p+                  83  1443  1456     0     0     0     0      0.282      0.070     -0.353      1.044      0.938
  1464      -2112  nbar0               83  1443  1456     0     0     0     0     -0.197      0.075     -0.444      1.060      0.940
  1465       -211  pi-                 83  1443  1456     0     0     0     0      0.068     -0.074     -0.495      0.524      0.140
  1466        211  pi+                 83  1443  1456     0     0     0     0      0.497     -0.229     -2.991      3.044      0.140
  1467        113  (rho0)             -83  1443  1456  1801  1802     0     0     -0.974     -0.234     -3.782      3.974      0.699
  1468       2112  n0                  83  1443  1456     0     0     0     0      0.541      0.641    -31.798     31.823      0.940
  1469        211  pi+                 83  1443  1456     0     0     0     0      0.066     -0.152     -2.185      2.195      0.140
  1470      -2224  (Deltabar--)       -83  1443  1456  1803  1804     0     0      0.120      0.027    -32.604     32.638      1.467
  1471        321  K+                  83  1443  1456     0     0     0     0      0.383      0.605    -38.182     38.192      0.494
  1472       -321  K-                  83  1443  1456     0     0     0     0      0.190     -0.093    -17.792     17.800      0.494
  1473        111  (pi0)              -83  1443  1456  2077  2078     0     0     -0.022     -0.042    -20.332     20.333      0.135
  1474        211  pi+                 83  1443  1456     0     0     0     0      0.054      0.477    -53.807     53.810      0.140
  1475        111  (pi0)              -83  1443  1456  2079  2080     0     0     -0.364     -0.226    -39.352     39.354      0.135
  1476       -211  pi-                 84  1443  1456     0     0     0     0      0.682      1.376   -311.295    311.299      0.140
  1477        111  (pi0)              -84  1443  1456  2081  2082     0     0     -0.116      0.355   -108.637    108.638      0.135
  1478        213  (rho+)             -84  1443  1456  1805  1806     0     0      0.099      0.899   -174.422    174.426      0.729
  1479        111  (pi0)              -84  1443  1456  2083  2084     0     0      0.191      0.033    -86.887     86.887      0.135
  1480       -211  pi-                 84  1443  1456     0     0     0     0     -0.118      0.631    -62.389     62.393      0.140
  1481        321  K+                  84  1443  1456     0     0     0     0      0.379      0.068    -67.889     67.892      0.494
  1482       -323  (K*-)              -84  1443  1456  1807  1808     0     0     -0.142     -0.104    -14.591     14.621      0.923
  1483       3212  (Sigma0)           -84  1443  1456  2085  2086     0     0     -0.153     -0.095    -35.393     35.414      1.193
  1484      -3212  (Sigmabar0)        -84  1443  1456  2087  2088     0     0      0.197     -0.242    -13.630     13.685      1.193
  1485        211  pi+                 84  1443  1456     0     0     0     0     -0.001     -0.060     -7.326      7.328      0.140
  1486        311  (K0)               -84  1443  1456  1809  1809     0     0     -0.673     -0.224     -2.533      2.678      0.498
  1487       3312  (Xi-)              -84  1443  1456  2089  2090     0     0      0.392     -0.677     -4.250      4.519      1.322
  1488      -3212  (Sigmabar0)        -84  1443  1456  2091  2092     0     0     -0.521     -2.464     -5.555      6.215      1.193
  1489        211  pi+                 84  1443  1456     0     0     0     0      0.296     -1.798     -2.971      3.488      0.140
  1490        113  (rho0)             -84  1443  1456  1810  1811     0     0     -0.530     -1.525     -1.862      2.607      0.848
  1491       -213  (rho-)             -84  1443  1456  1812  1813     0     0     -0.645     -3.393     -5.545      6.604      0.967
  1492        213  (rho+)             -84  1443  1456  1814  1815     0     0     -0.966     -0.158     -0.935      1.526      0.704
  1493       2112  n0                  84  1443  1456     0     0     0     0      0.190     -0.302     -1.608      1.896      0.940
  1494      -2112  nbar0               84  1443  1456     0     0     0     0     -0.520     -0.537     -0.442      1.279      0.940
  1495        113  (rho0)             -84  1443  1456  1816  1817     0     0      0.185     -0.056      0.373      0.795      0.675
  1496        111  (pi0)              -84  1443  1456  2093  2094     0     0     -0.856     -0.127     -0.112      0.883      0.135
  1497       -213  (rho-)             -84  1443  1456  1818  1819     0     0     -0.365     -1.117      2.691      3.059      0.855
  1498        211  pi+                 84  1443  1456     0     0     0     0     -0.024     -0.306      0.107      0.354      0.140
  1499        511  (B0)               -84  1443  1456  2095  2099     0     0     -4.343    -47.524     80.486     93.719      5.280
  1500          2  (u)                -71   987   987  1509  1534   332     0     -0.281      1.095     -3.105      3.321      0.330
  1501         21  (g)                -71   798   798  1509  1534   114   208      2.857     -0.249   -820.302    820.307      0.000
  1502         21  (g)                -71   864   864  1509  1534   208   290      2.122     -1.092   -449.373    449.379      0.000
  1503         21  (g)                -71   969   969  1509  1534   290   326      0.299     -0.489    -82.479     82.481      0.000
  1504         21  (g)                -71  1101  1101  1509  1534   326   281      0.865     -2.329   -127.566    127.591      0.364
  1505         21  (g)                -71  1100  1100  1509  1534   281   191      1.948     -2.507   -100.429    100.479      0.138
  1506         21  (g)                -71  1102  1102  1509  1534   191   137     -0.215     -1.150    -42.316     42.334      0.392
  1507          1  (d)                -71   867   867  1509  1534   137     0     -0.377     -3.666   -110.133    110.195      0.330
  1508          2  (u)                -71   985   985  1509  1534   127     0      0.637      1.189    336.627    336.630      0.330
  1509       -211  pi-                 86  1500  1508     0     0     0     0     -0.391     -1.304    -32.876     32.904      0.140
  1510        211  pi+                 86  1500  1508     0     0     0     0     -0.119     -1.432    -60.766     60.784      0.140
  1511        223  (omega)            -86  1500  1508  2100  2102     0     0      0.894     -3.100   -106.133    106.185      0.780
  1512        111  (pi0)              -86  1500  1508  2103  2104     0     0     -0.122     -0.097    -14.099     14.100      0.135
  1513        113  (rho0)             -86  1500  1508  1820  1821     0     0      0.151     -0.766    -44.837     44.849      0.707
  1514        111  (pi0)              -86  1500  1508  2105  2106     0     0      0.667     -0.615    -56.530     56.537      0.135
  1515       -211  pi-                 86  1500  1508     0     0     0     0      0.334     -0.153     -8.555      8.564      0.140
  1516        223  (omega)            -86  1500  1508  2107  2109     0     0      0.719     -1.907   -127.417    127.436      0.784
  1517        221  (eta)              -86  1500  1508  2110  2112     0     0      0.776     -0.432    -94.350     94.356      0.548
  1518        213  (rho+)             -86  1500  1508  1822  1823     0     0      0.609     -0.200   -159.421    159.426      1.095
  1519       2112  n0                  86  1500  1508     0     0     0     0      1.479     -0.395   -353.543    353.547      0.940
  1520        111  (pi0)              -86  1500  1508  2113  2114     0     0      0.038     -0.411    -42.123     42.125      0.135
  1521      -2112  nbar0               86  1500  1508     0     0     0     0      1.705     -0.686   -400.137    400.142      0.940
  1522        223  (omega)            -86  1500  1508  2115  2117     0     0      0.885     -0.304   -141.517    141.523      0.788
  1523       -213  (rho-)             -86  1500  1508  1824  1825     0     0      0.019      0.439    -64.223     64.230      0.842
  1524        111  (pi0)              -86  1500  1508  2118  2119     0     0     -0.046      0.092     -2.504      2.510      0.135
  1525        211  pi+                 86  1500  1508     0     0     0     0     -0.184     -0.174     -8.319      8.324      0.140
  1526        311  (K0)               -86  1500  1508  1826  1826     0     0     -0.043     -0.433    -10.114     10.136      0.498
  1527        223  (omega)            -83  1500  1508  2120  2121     0     0      0.513      0.758    202.105    202.108      0.808
  1528        113  (rho0)             -83  1500  1508  1827  1828     0     0      0.192      0.257    105.626    105.629      0.669
  1529        221  (eta)              -83  1500  1508  2122  2123     0     0     -0.200      0.240     23.827     23.836      0.548
  1530        111  (pi0)              -84  1500  1508  2124  2125     0     0     -0.103      0.298      2.260      2.285      0.135
  1531        221  (eta)              -84  1500  1508  2126  2127     0     0     -0.054     -0.541      2.518      2.634      0.548
  1532        213  (rho+)             -84  1500  1508  1829  1830     0     0     -0.095      1.029     -3.849      4.082      0.884
  1533       2112  n0                  88  1500  1508     0     0     0     0      0.512      0.445     -2.858      3.084      0.940
  1534       -311  (Kbar0)            -84  1500  1508  1831  1831     0     0     -0.281      0.193     -1.241      1.380      0.498
  1535          3  (s)                -71   921   921  1578  1652   152     0     -0.554     -1.638    470.587    470.591      0.500
  1536         21  (g)                -71  1125  1125  1578  1652   280   152     -0.021     -1.127    150.771    150.775      0.228
  1537         21  (g)                -71   857   857  1578  1652   129   280     -0.687     -0.686     58.194     58.202      0.000
  1538         21  (g)                -71   978   978  1578  1652   321   129      0.366     -0.826     64.081     64.088      0.000
  1539         21  (g)                -71   875   875  1578  1652   216   321     -0.273     -2.239     75.741     75.774      0.000
  1540         21  (g)                -71  1133  1133  1578  1652   306   216     -1.362     -0.432     32.506     32.541      0.440
  1541         21  (g)                -71   927   927  1578  1652   277   306     -0.375     -2.675     55.117     55.183      0.000
  1542         21  (g)                -71   873   873  1578  1652   178   277     -0.148     -1.574     22.453     22.508      0.000
  1543         21  (g)                -71   871   871  1578  1652   242   178      0.394     -0.625      9.232      9.261      0.000
  1544         21  (g)                -71  1118  1118  1578  1652   192   242     -1.509     -0.664      5.196      5.453      0.114
  1545         21  (g)                -71   886   886  1578  1652   163   192     -1.880     -0.327     14.953     15.075      0.000
  1546         21  (g)                -71   802   802  1578  1652   115   163     -1.240      0.220     13.523     13.582      0.000
  1547         21  (g)                -71   826   826  1578  1652   123   115     -2.663      1.899     53.808     53.907      0.000
  1548         21  (g)                -71   962   962  1578  1652   190   123     -0.957      1.305     26.474     26.524      0.000
  1549         21  (g)                -71  1115  1115  1578  1652   185   190     -0.576      0.580     -0.078      0.826      0.092
  1550         21  (g)                -71   904   904  1578  1652   247   185     -1.074      1.587     -2.165      2.891      0.000
  1551         21  (g)                -71  1131  1131  1578  1652   264   247     -2.040      0.861     -4.947      5.428      0.308
  1552         21  (g)                -71  1113  1113  1578  1652   258   264     -0.724      0.082     -1.102      1.324      0.082
  1553         21  (g)                -71   787   787  1578  1652   107   258     -0.653     -0.508     -0.362      0.903      0.000
  1554         21  (g)                -71  1120  1120  1578  1652   228   107     -0.105     -0.799     -0.273      0.863      0.140
  1555         21  (g)                -71   788   788  1578  1652   271   228      1.084     -3.311     -1.211      3.688      0.000
  1556         21  (g)                -71  1132  1132  1578  1652   234   271      0.560     -1.479      0.258      1.646      0.377
  1557         21  (g)                -71   831   831  1578  1652   169   234      0.781     -0.816     -0.258      1.158      0.000
  1558         21  (g)                -71   774   774  1578  1652   159   169      3.652     -5.575     -2.863      7.253      0.000
  1559         21  (g)                -71   825   825  1578  1652   272   159      1.896     -2.582     -2.421      4.015      0.000
  1560         21  (g)                -71   929   929  1578  1652   313   272      0.191     -0.410     -0.693      0.828      0.000
  1561         21  (g)                -71  1130  1130  1578  1652   231   313     -0.059     -3.084     -4.374      5.359      0.266
  1562         21  (g)                -71  1137  1137  1578  1652   110   231     -2.149     -0.296    -13.976     14.154      0.541
  1563         21  (g)                -71  1126  1126  1578  1652   197   110     -1.674      1.266    -25.725     25.811      0.229
  1564         21  (g)                -71   792   792  1578  1652   301   197     -1.424      2.957    -31.831     31.999      0.000
  1565         21  (g)                -71  1121  1121  1578  1652   220   301     -6.429      8.374   -103.727    104.263      0.179
  1566         21  (g)                -71   775   775  1578  1652   109   220     -2.592      6.050    -61.949     62.298      0.000
  1567         21  (g)                -71  1122  1122  1578  1652   147   109     -0.014      2.082    -34.095     34.159      0.204
  1568         21  (g)                -71  1136  1136  1578  1652   136   147      1.396      1.301    -17.802     17.912      0.513
  1569         21  (g)                -71   892   892  1578  1652   273   136      0.963     -0.243     -7.083      7.153      0.000
  1570         21  (g)                -71  1134  1134  1578  1652   213   273     -1.913     -1.161     -6.617      7.001      0.465
  1571         21  (g)                -71  1124  1124  1578  1652   193   213     -0.128     -1.066     -3.926      4.076      0.224
  1572         21  (g)                -71  1127  1127  1578  1652   246   193     -0.309     -0.669     -4.554      4.619      0.243
  1573         21  (g)                -71   776   776  1578  1652   283   246     -0.478     -3.168    -21.645     21.881      0.000
  1574         21  (g)                -71  1123  1123  1578  1652   200   283     -0.123     -2.797    -31.900     32.023      0.206
  1575         21  (g)                -71   782   782  1578  1652   112   200      0.332     -1.962    -35.093     35.149      0.000
  1576         21  (g)                -71  1135  1135  1578  1652   303   112      2.046     -2.227    -52.227     52.317      0.481
  1577         -1  (dbar)             -71   868   868  1578  1652     0   303     -0.345      3.006    -73.371     73.435      0.330
  1578       -311  (Kbar0)            -83  1535  1577  1832  1832     0     0     -0.632     -1.603    367.803    367.808      0.498
  1579       -213  (rho-)             -83  1535  1577  1833  1834     0     0     -0.238     -1.295    171.304    171.314      1.327
  1580        111  (pi0)              -83  1535  1577  2128  2129     0     0     -0.019     -0.345     38.056     38.058      0.135
  1581        211  pi+                 83  1535  1577     0     0     0     0      0.012     -0.508    106.330    106.331      0.140
  1582       -213  (rho-)             -83  1535  1577  1835  1836     0     0     -0.047     -0.619     43.692     43.703      0.771
  1583        211  pi+                 83  1535  1577     0     0     0     0     -0.770     -0.944     46.821     46.837      0.140
  1584        111  (pi0)              -83  1535  1577  2130  2131     0     0      0.353     -0.106      6.563      6.575      0.135
  1585        311  (K0)               -83  1535  1577  1837  1837     0     0     -0.675     -1.970     61.891     61.928      0.498
  1586       -321  K-                  83  1535  1577     0     0     0     0     -0.277     -2.129     45.591     45.644      0.494
  1587        111  (pi0)              -83  1535  1577  2132  2133     0     0     -0.479      0.427      6.732      6.764      0.135
  1588        321  K+                  83  1535  1577     0     0     0     0     -0.388     -1.801     31.419     31.477      0.494
  1589       -311  (Kbar0)            -83  1535  1577  1838  1838     0     0     -0.732     -0.946      6.448      6.577      0.498
  1590       -211  pi-                 83  1535  1577     0     0     0     0      0.391     -0.542      6.710      6.745      0.140
  1591        221  (eta)              -83  1535  1577  2134  2136     0     0     -1.215     -0.007      9.759      9.849      0.548
  1592        211  pi+                 83  1535  1577     0     0     0     0     -0.161      0.141      5.070      5.076      0.140
  1593       -211  pi-                 83  1535  1577     0     0     0     0     -0.214     -0.054      0.903      0.940      0.140
  1594        211  pi+                 83  1535  1577     0     0     0     0     -1.716      0.416     17.720     17.808      0.140
  1595        311  (K0)               -83  1535  1577  1839  1839     0     0     -0.670      0.161     22.209     22.225      0.498
  1596       -321  K-                  83  1535  1577     0     0     0     0     -0.840      0.492      6.510      6.601      0.494
  1597        211  pi+                 83  1535  1577     0     0     0     0     -0.103      0.495      5.484      5.509      0.140
  1598        221  (eta)              -83  1535  1577  2137  2138     0     0     -1.638     -0.021     20.170     20.244      0.548
  1599       -211  pi-                 83  1535  1577     0     0     0     0     -0.320      0.971     19.255     19.283      0.140
  1600        111  (pi0)              -83  1535  1577  2139  2140     0     0     -0.556      0.002      1.260      1.384      0.135
  1601        213  (rho+)             -83  1535  1577  1840  1841     0     0     -0.448      0.896      2.825      3.301      1.382
  1602       2112  n0                  83  1535  1577     0     0     0     0     -0.385     -0.131      0.821      1.313      0.940
  1603       -211  pi-                 83  1535  1577     0     0     0     0      0.740      0.712      0.475      1.140      0.140
  1604      -1114  (Deltabar+)        -83  1535  1577  1842  1843     0     0     -1.806      0.442     -2.646      3.443      1.180
  1605       2112  n0                  83  1535  1577     0     0     0     0     -0.810     -0.635     -0.852      1.633      0.940
  1606      -2112  nbar0               83  1535  1577     0     0     0     0     -0.934      1.019     -1.319      2.129      0.940
  1607       -213  (rho-)             -83  1535  1577  1844  1845     0     0     -0.067     -0.048     -0.652      0.775      0.411
  1608        213  (rho+)             -83  1535  1577  1846  1847     0     0     -0.324      0.134     -1.096      1.380      0.763
  1609       -213  (rho-)             -83  1535  1577  1848  1849     0     0     -0.483      0.127     -1.210      1.375      0.419
  1610        223  (omega)            -83  1535  1577  2141  2143     0     0     -0.256     -1.299     -0.696      1.683      0.772
  1611        113  (rho0)             -83  1535  1577  1850  1851     0     0      2.356     -5.965     -2.108      6.879      1.322
  1612        211  pi+                 83  1535  1577     0     0     0     0      1.931     -2.334     -0.873      3.156      0.140
  1613       -213  (rho-)             -83  1535  1577  1852  1853     0     0      1.781     -1.551     -1.313      2.815      0.789
  1614        223  (omega)            -83  1535  1577  2144  2146     0     0      1.504     -3.685     -3.135      5.127      0.783
  1615        211  pi+                 83  1535  1577     0     0     0     0     -0.417     -0.233     -0.879      1.010      0.140
  1616       -211  pi-                 83  1535  1577     0     0     0     0      0.363     -0.768     -0.960      1.290      0.140
  1617        111  (pi0)              -83  1535  1577  2147  2148     0     0     -0.282     -0.132     -0.481      0.589      0.135
  1618        221  (eta)              -83  1535  1577  2149  2150     0     0      0.226     -0.561     -1.610      1.805      0.548
  1619        321  K+                  83  1535  1577     0     0     0     0      0.339      0.496     -4.790      4.853      0.494
  1620       -321  K-                  84  1535  1577     0     0     0     0     -1.339     -0.380     -9.184      9.302      0.494
  1621        211  pi+                 84  1535  1577     0     0     0     0     -0.158     -0.287     -0.565      0.668      0.140
  1622        221  (eta)              -84  1535  1577  2151  2153     0     0     -0.375     -0.321     -2.882      2.974      0.548
  1623        313  (K*0)              -84  1535  1577  1854  1855     0     0     -0.828      0.893    -14.149     14.238      1.028
  1624       3222  (Sigma+)           -84  1535  1577  2154  2155     0     0     -1.078      0.533    -14.680     14.777      1.189
  1625       -211  pi-                 84  1535  1577     0     0     0     0     -0.712      1.078    -10.517     10.597      0.140
  1626      -2212  pbar-               84  1535  1577     0     0     0     0     -2.827      4.152    -52.587     52.834      0.938
  1627        213  (rho+)             -84  1535  1577  1856  1857     0     0     -1.996      2.730    -28.933     29.139      0.711
  1628       -213  (rho-)             -84  1535  1577  1858  1859     0     0     -1.654      1.997    -25.922     26.062      0.745
  1629        111  (pi0)              -84  1535  1577  2156  2157     0     0     -0.868      2.349    -32.960     33.056      0.135
  1630        323  (K*+)              -84  1535  1577  1860  1861     0     0     -0.926      1.859    -18.659     18.798      0.959
  1631       -323  (K*-)              -84  1535  1577  1862  1863     0     0     -1.202      2.870    -40.431     40.561      0.944
  1632        211  pi+                 84  1535  1577     0     0     0     0      0.136      0.876     -5.998      6.065      0.140
  1633       -213  (rho-)             -84  1535  1577  1864  1865     0     0      0.615      1.090    -15.845     15.949      1.321
  1634        213  (rho+)             -84  1535  1577  1866  1867     0     0      0.064     -0.532    -10.952     10.993      0.778
  1635       -211  pi-                 84  1535  1577     0     0     0     0     -0.062      0.649     -3.278      3.345      0.140
  1636        321  K+                  84  1535  1577     0     0     0     0      0.410      0.175     -4.142      4.195      0.494
  1637       -311  (Kbar0)            -84  1535  1577  1868  1868     0     0     -0.178     -0.704     -4.020      4.116      0.498
  1638        311  (K0)               -84  1535  1577  1869  1869     0     0     -0.117     -0.779     -4.718      4.810      0.498
  1639       -313  (K*bar0)           -84  1535  1577  1870  1871     0     0     -1.047     -1.152     -6.673      6.921      0.968
  1640        311  (K0)               -84  1535  1577  1872  1872     0     0     -0.101     -0.278     -3.410      3.459      0.498
  1641       -311  (Kbar0)            -84  1535  1577  1873  1873     0     0     -0.528     -2.344    -20.820     20.964      0.498
  1642       -213  (rho-)             -84  1535  1577  1874  1875     0     0     -0.114     -0.973     -8.096      8.196      0.817
  1643        223  (omega)            -84  1535  1577  2158  2160     0     0      1.043     -3.514    -43.418     43.580      0.788
  1644        211  pi+                 84  1535  1577     0     0     0     0     -0.236     -0.156     -9.800      9.805      0.140
  1645       -211  pi-                 84  1535  1577     0     0     0     0      0.469     -0.299    -14.824     14.835      0.140
  1646        213  (rho+)             -84  1535  1577  1876  1877     0     0      0.270     -1.427    -18.242     18.311      0.640
  1647       -211  pi-                 84  1535  1577     0     0     0     0      0.252     -0.436     -5.306      5.331      0.140
  1648        211  pi+                 84  1535  1577     0     0     0     0      0.253     -0.132     -9.148      9.154      0.140
  1649        111  (pi0)              -84  1535  1577  2161  2162     0     0      0.077      0.446    -12.718     12.727      0.135
  1650       -211  pi-                 84  1535  1577     0     0     0     0     -0.319      0.188    -12.509     12.515      0.140
  1651        211  pi+                 84  1535  1577     0     0     0     0      0.170      1.449    -41.638     41.663      0.140
  1652        223  (omega)            -84  1535  1577  2163  2165     0     0     -0.001      0.291    -13.554     13.580      0.785
  1653          1  (d)                -71   986   986  1665  1700   118     0     -0.071      0.628      6.346      6.386      0.330
  1654         21  (g)                -71  1103  1103  1665  1700   286   118     -0.554     -0.479     28.038     28.051      0.454
  1655         21  (g)                -71   841   841  1665  1700   243   286      0.468      0.128      5.703      5.723      0.000
  1656         21  (g)                -71   843   843  1665  1700   126   243      0.510     -0.260      0.580      0.815      0.000
  1657         21  (g)                -71   817   817  1665  1700   267   126      0.497     -1.231    -14.765     14.825      0.000
  1658         21  (g)                -71   808   808  1665  1700   254   267     -0.491     -0.717    -19.257     19.277      0.000
  1659         21  (g)                -71   815   815  1665  1700   179   254      0.559     -1.067    -45.807     45.823      0.000
  1660         21  (g)                -71   821   821  1665  1700   308   179      0.743     -0.137    -39.161     39.168      0.000
  1661         21  (g)                -71   811   811  1665  1700   255   308      1.021     -0.543   -186.151    186.155      0.000
  1662         21  (g)                -71   816   816  1665  1700   120   255     -0.132      0.389    -53.891     53.893      0.000
  1663         21  (g)                -71   809   809  1665  1700   154   120      1.005      0.876   -171.361    171.367      0.000
  1664       2101  (ud_0)             -71   983   983  1665  1700     0   154      0.828      1.060   1465.771   1465.772      0.579
  1665        313  (K*0)              -83  1653  1664  1878  1879     0     0     -0.254     -0.161     16.894     16.921      0.903
  1666       -311  (Kbar0)            -83  1653  1664  1880  1880     0     0      0.366      0.606      6.059      6.120      0.498
  1667        221  (eta)              -83  1653  1664  2166  2167     0     0      0.076      0.163      5.692      5.721      0.548
  1668       -211  pi-                 83  1653  1664     0     0     0     0     -0.325     -0.565      8.116      8.143      0.140
  1669        211  pi+                 83  1653  1664     0     0     0     0      0.106      0.237      0.580      0.651      0.140
  1670        113  (rho0)             -83  1653  1664  1881  1882     0     0     -0.015     -0.103      0.821      1.144      0.791
  1671        113  (rho0)             -83  1653  1664  1883  1884     0     0      0.078     -0.042      0.809      1.102      0.743
  1672        111  (pi0)              -83  1653  1664  2168  2169     0     0      0.231      0.053      0.452      0.528      0.135
  1673       -211  pi-                 83  1653  1664     0     0     0     0      0.411     -0.078      0.690      0.819      0.140
  1674        211  pi+                 83  1653  1664     0     0     0     0     -0.276     -0.334     -0.957      1.060      0.140
  1675        223  (omega)            -83  1653  1664  2170  2172     0     0      0.180     -0.149     -1.520      1.726      0.783
  1676       -211  pi-                 83  1653  1664     0     0     0     0      0.061      0.145     -0.321      0.384      0.140
  1677        111  (pi0)              -83  1653  1664  2173  2174     0     0     -0.143     -0.299     -3.091      3.112      0.135
  1678        211  pi+                 83  1653  1664     0     0     0     0      0.098      0.056     -4.979      4.982      0.140
  1679       -213  (rho-)             -83  1653  1664  1885  1886     0     0      0.284     -0.278    -22.283     22.300      0.751
  1680        211  pi+                 83  1653  1664     0     0     0     0     -0.243     -0.109     -8.734      8.739      0.140
  1681       -211  pi-                 83  1653  1664     0     0     0     0      0.714     -0.943    -16.343     16.386      0.140
  1682        113  (rho0)             -83  1653  1664  1887  1888     0     0      0.425     -1.098   -134.378    134.385      0.696
  1683        321  K+                  83  1653  1664     0     0     0     0      0.094      0.277    -45.911     45.915      0.494
  1684       -321  K-                  83  1653  1664     0     0     0     0     -0.121      0.394    -50.440     50.444      0.494
  1685       2212  p+                  83  1653  1664     0     0     0     0      1.265     -0.630    -85.974     85.991      0.938
  1686        211  pi+                 83  1653  1664     0     0     0     0      0.191      0.718   -101.235    101.238      0.140
  1687      -2224  (Deltabar--)       -84  1653  1664  1889  1890     0     0      0.717     -0.146    -48.731     48.751      1.174
  1688        211  pi+                 84  1653  1664     0     0     0     0     -0.491     -0.570     -0.912      1.190      0.140
  1689        111  (pi0)              -84  1653  1664  2175  2176     0     0      0.340      0.744     -0.591      1.018      0.135
  1690       2112  n0                  84  1653  1664     0     0     0     0     -0.566     -0.124      0.025      1.104      0.940
  1691      -2212  pbar-               84  1653  1664     0     0     0     0      0.228     -0.116     -1.586      1.861      0.938
  1692        111  (pi0)              -84  1653  1664  2177  2178     0     0     -0.260     -0.265      0.532      0.662      0.135
  1693       2212  p+                  84  1653  1664     0     0     0     0      0.028      0.211      0.303      1.009      0.938
  1694      -2212  pbar-               84  1653  1664     0     0     0     0      0.360      0.011      1.628      1.913      0.938
  1695        221  (eta)              -84  1653  1664  2179  2181     0     0      0.275      0.523      1.032      1.310      0.548
  1696        223  (omega)            -84  1653  1664  2182  2184     0     0      0.199     -0.855      3.091      3.304      0.769
  1697        213  (rho+)             -84  1653  1664  1891  1892     0     0     -0.613      0.095     53.073     53.082      0.755
  1698        311  (K0)               -84  1653  1664  1893  1893     0     0      0.450      0.654     59.487     59.494      0.498
  1699       -313  (K*bar0)           -84  1653  1664  1894  1895     0     0     -0.064      0.305    676.621    676.622      1.062
  1700       2112  n0                  84  1653  1664     0     0     0     0      0.576      0.321    668.124    668.125      0.940
  1701        130  K_L0                91  1168  1168     0     0     0     0     -0.898      0.444   -581.504    581.505      0.498
  1702       -311  (Kbar0)            -91  1169     0  1896  1896     0     0     -0.057      0.395   -133.779    133.780      0.498
  1703       -211  pi-                 91  1169     0     0     0     0     0     -0.366      0.110    -82.832     82.833      0.140
  1704        211  pi+                 91  1172     0     0     0     0     0     -0.113     -0.324      3.239      3.260      0.140
  1705        111  (pi0)              -91  1172     0  2185  2186     0     0      0.202      0.328      3.014      3.042      0.135
  1706      -2212  pbar-               91  1183     0     0     0     0     0      1.976      0.456      4.975      5.454      0.938
  1707       -211  pi-                 91  1183     0     0     0     0     0      0.281      0.395      0.748      0.902      0.140
  1708       -311  (Kbar0)            -91  1192     0  1897  1897     0     0      0.113      1.391      1.599      2.180      0.498
  1709        111  (pi0)              -91  1192     0  2187  2188     0     0      0.098      0.016      0.408      0.441      0.135
  1710       -211  pi-                 91  1194     0     0     0     0     0     -0.235      0.115      0.147      0.331      0.140
  1711        111  (pi0)              -91  1194     0  2189  2190     0     0     -0.171     -0.066      1.290      1.310      0.135
  1712        211  pi+                 91  1195     0     0     0     0     0     -0.128     -0.265      0.548      0.637      0.140
  1713       -211  pi-                 91  1195     0     0     0     0     0     -0.524      0.681      1.055      1.368      0.140
  1714        211  pi+                 91  1200     0     0     0     0     0      0.002     -0.093     -0.336      0.375      0.140
  1715        111  (pi0)              -91  1200     0  2191  2192     0     0      0.156      0.747     -0.316      0.837      0.135
  1716       -211  pi-                 91  1201     0     0     0     0     0      0.202      0.457     -0.068      0.523      0.140
  1717        111  (pi0)              -91  1201     0  2193  2194     0     0      0.468      0.901     -1.376      1.715      0.135
  1718        211  pi+                 91  1215     0     0     0     0     0      1.146     -0.864      0.613      1.567      0.140
  1719       -211  pi-                 91  1215     0     0     0     0     0      3.460     -2.646      0.655      4.407      0.140
  1720       -211  pi-                 91  1250     0     0     0     0     0     -0.485      0.501     -0.084      0.716      0.140
  1721        111  (pi0)              -91  1250     0  2195  2196     0     0     -0.216      1.074     -0.844      1.389      0.135
  1722        211  pi+                 91  1251     0     0     0     0     0      0.131      0.670      0.271      0.748      0.140
  1723       -211  pi-                 91  1251     0     0     0     0     0     -0.032      0.086      0.350      0.388      0.140
  1724        211  pi+                 91  1252     0     0     0     0     0     -0.679      0.559      0.219      0.917      0.140
  1725       -211  pi-                 91  1252     0     0     0     0     0      0.110      0.143      0.048      0.233      0.140
  1726       -211  pi-                 91  1255     0     0     0     0     0      0.096      0.148     -0.000      0.225      0.140
  1727        111  (pi0)              -91  1255     0  2197  2198     0     0      0.500      1.150      0.923      1.563      0.135
  1728        311  (K0)               -91  1258     0  1898  1898     0     0     -0.129      0.407     -0.630      0.909      0.498
  1729        211  pi+                 91  1258     0     0     0     0     0      0.155     -0.023     -0.684      0.716      0.140
  1730        211  pi+                 91  1260     0     0     0     0     0     -0.398     -0.141     -0.218      0.496      0.140
  1731       -211  pi-                 91  1260     0     0     0     0     0     -2.422      0.934     -2.562      3.650      0.140
  1732        211  pi+                 91  1274     0     0     0     0     0     -0.685      4.850     17.375     18.053      0.140
  1733        111  (pi0)              -91  1274     0  2199  2200     0     0     -0.514      1.125      4.820      4.978      0.135
  1734        211  pi+                 91  1277     0     0     0     0     0      0.405      1.674      6.183      6.420      0.140
  1735       -211  pi-                 91  1277     0     0     0     0     0     -0.327      0.033      1.768      1.804      0.140
  1736       -211  pi-                 91  1283     0     0     0     0     0     -0.412      0.881      1.380      1.694      0.140
  1737        111  (pi0)              -91  1283     0  2201  2202     0     0     -0.268      2.351      5.026      5.557      0.135
  1738        321  K+                  91  1284     0     0     0     0     0      0.075      0.820      1.465      1.751      0.494
  1739        111  (pi0)              -91  1284     0  2203  2204     0     0     -0.260      1.699      2.852      3.333      0.135
  1740        130  K_L0                91  1285  1285     0     0     0     0     -0.210      1.292      1.298      1.909      0.498
  1741        211  pi+                 91  1304     0     0     0     0     0     -0.194      0.100      1.997      2.014      0.140
  1742        111  (pi0)              -91  1304     0  2205  2206     0     0     -0.550     -0.112      0.666      0.881      0.135
  1743        211  pi+                 91  1308     0     0     0     0     0     -0.152     -0.383      2.690      2.725      0.140
  1744       -211  pi-                 91  1308     0     0     0     0     0     -0.019      0.029      6.847      6.849      0.140
  1745        321  K+                  91  1310     0     0     0     0     0      0.422     -0.529     23.661     23.676      0.494
  1746        111  (pi0)              -91  1310     0  2207  2208     0     0      0.036     -0.078     20.044     20.045      0.135
  1747       -311  (Kbar0)            -91  1311     0  1899  1899     0     0      0.244     -1.583     78.340     78.358      0.498
  1748       -211  pi-                 91  1311     0     0     0     0     0      0.010     -0.373      8.927      8.936      0.140
  1749        211  pi+                 91  1321     0     0     0     0     0     -0.035      0.222      0.079      0.277      0.140
  1750        111  (pi0)              -91  1321     0  2209  2210     0     0      0.563      0.134     -0.463      0.754      0.135
  1751       -211  pi-                 91  1322     0     0     0     0     0      0.637      0.326     -1.131      1.346      0.140
  1752        111  (pi0)              -91  1322     0  2211  2212     0     0     -0.056      0.050     -0.638      0.657      0.135
  1753        211  pi+                 91  1324     0     0     0     0     0     -0.481      0.230     -0.117      0.563      0.140
  1754       -211  pi-                 91  1324     0     0     0     0     0      0.345      0.717      0.483      0.941      0.140
  1755        211  pi+                 91  1328     0     0     0     0     0      0.692      0.818      1.721      2.033      0.140
  1756       -211  pi-                 91  1328     0     0     0     0     0      0.380     -0.165      0.821      0.930      0.140
  1757        321  K+                  91  1331     0     0     0     0     0      0.831     -0.394      3.277      3.439      0.494
  1758       -211  pi-                 91  1331     0     0     0     0     0      0.124     -0.412      2.538      2.578      0.140
  1759        211  pi+                 91  1336     0     0     0     0     0      0.886      0.102      3.413      3.530      0.140
  1760        111  (pi0)              -91  1336     0  2213  2214     0     0      0.475     -0.343      6.968      6.994      0.135
  1761       -211  pi-                 91  1349     0     0     0     0     0     -0.449      0.058      5.505      5.526      0.140
  1762        111  (pi0)              -91  1349     0  2215  2216     0     0      0.235      0.074      2.856      2.869      0.135
  1763        311  (K0)               -91  1353     0  1900  1900     0     0     -0.145      0.590     27.691     27.702      0.498
  1764        211  pi+                 91  1353     0     0     0     0     0     -0.023     -0.047     21.186     21.187      0.140
  1765       -321  K-                  91  1354     0     0     0     0     0      0.173      0.083     28.292     28.297      0.494
  1766        211  pi+                 91  1354     0     0     0     0     0      0.049      0.565     39.988     39.992      0.140
  1767       -211  pi-                 91  1357     0     0     0     0     0      0.034      0.533     43.259     43.262      0.140
  1768        111  (pi0)              -91  1357     0  2217  2218     0     0     -0.486      0.694     54.170     54.177      0.135
  1769        211  pi+                 91  1359     0     0     0     0     0      0.280      0.372     46.682     46.684      0.140
  1770        111  (pi0)              -91  1359     0  2219  2220     0     0     -0.268      0.216     55.168     55.169      0.135
  1771       2212  p+                  91  1360     0     0     0     0     0     -0.290     -0.983    356.388    356.390      0.938
  1772        111  (pi0)              -91  1360     0  2221  2222     0     0      0.010      0.101     42.488     42.488      0.135
  1773      -2212  pbar-               91  1362     0     0     0     0     0     -0.591     -0.625    299.646    299.649      0.938
  1774       -211  pi-                 91  1362     0     0     0     0     0     -0.049     -0.336    151.679    151.679      0.140
  1775       -211  pi-                 91  1375     0     0     0     0     0      0.260     13.280     16.456     21.148      0.140
  1776        111  (pi0)              -91  1375     0  2223  2224     0     0     -0.016      0.165      0.178      0.278      0.135
  1777        211  pi+                 91  1400     0     0     0     0     0      1.890     -0.217   -158.350    158.361      0.140
  1778       -211  pi-                 91  1400     0     0     0     0     0      1.864     -0.629   -198.538    198.548      0.140
  1779        211  pi+                 91  1401     0     0     0     0     0      0.533     -0.312    -26.961     26.969      0.140
  1780        111  (pi0)              -91  1401     0  2225  2226     0     0      0.231     -0.185    -65.534     65.534      0.135
  1781        311  (K0)               -91  1403     0  1901  1901     0     0      0.371      0.046    -58.101     58.104      0.498
  1782        211  pi+                 91  1403     0     0     0     0     0     -0.164     -0.044    -59.629     59.629      0.140
  1783        211  pi+                 91  1405     0     0     0     0     0      0.302      0.243    -35.309     35.312      0.140
  1784       -211  pi-                 91  1405     0     0     0     0     0     -0.369      0.468    -91.195     91.197      0.140
  1785        211  pi+                 91  1410     0     0     0     0     0     -0.127     -0.032     -6.438      6.441      0.140
  1786        111  (pi0)              -91  1410     0  2227  2228     0     0     -0.158      0.532    -68.225     68.228      0.135
  1787        211  pi+                 91  1417     0     0     0     0     0      0.165      0.217     -0.431      0.529      0.140
  1788       -211  pi-                 91  1417     0     0     0     0     0      0.767     -0.233     -3.022      3.130      0.140
  1789        310  (K_S0)             -91  1419  1419  2229  2230     0     0      0.415     -0.118     -0.096      0.666      0.498
  1790        130  K_L0                91  1420  1420     0     0     0     0      0.296     -1.065     -1.286      1.768      0.498
  1791       -211  pi-                 91  1421     0     0     0     0     0      0.632     -0.167     -0.597      0.896      0.140
  1792        111  (pi0)              -91  1421     0  2231  2232     0     0      2.552     -0.782     -4.487      5.222      0.135
  1793        211  pi+                 91  1435     0     0     0     0     0     -0.365     -1.708      0.370      1.791      0.140
  1794       -211  pi-                 91  1435     0     0     0     0     0      0.345     -0.173      0.270      0.491      0.140
  1795       -211  pi-                 91  1440     0     0     0     0     0      0.564      0.098    132.792    132.793      0.140
  1796        111  (pi0)              -91  1440     0  2233  2234     0     0      0.229      0.281     17.337     17.341      0.135
  1797       -211  pi-                 91  1458     0     0     0     0     0     -0.414      0.733     25.565     25.579      0.140
  1798        111  (pi0)              -91  1458     0  2235  2236     0     0      0.168      0.407      6.014      6.032      0.135
  1799        211  pi+                 91  1459     0     0     0     0     0     -0.170      0.318      6.456      6.468      0.140
  1800       -211  pi-                 91  1459     0     0     0     0     0      0.344     -0.027      0.568      0.679      0.140
  1801        211  pi+                 91  1467     0     0     0     0     0     -0.796      0.079     -2.901      3.012      0.140
  1802       -211  pi-                 91  1467     0     0     0     0     0     -0.179     -0.313     -0.881      0.962      0.140
  1803      -2212  pbar-               91  1470     0     0     0     0     0      0.002      0.138    -14.045     14.077      0.938
  1804       -211  pi-                 91  1470     0     0     0     0     0      0.119     -0.111    -18.559     18.560      0.140
  1805        211  pi+                 91  1478     0     0     0     0     0      0.088      0.534   -147.468    147.470      0.140
  1806        111  (pi0)              -91  1478     0  2237  2238     0     0      0.011      0.365    -26.954     26.957      0.135
  1807       -311  (Kbar0)            -91  1482     0  1902  1902     0     0     -0.228     -0.342     -9.378      9.400      0.498
  1808       -211  pi-                 91  1482     0     0     0     0     0      0.086      0.238     -5.213      5.221      0.140
  1809        310  (K_S0)             -91  1486  1486  2239  2240     0     0     -0.673     -0.224     -2.533      2.678      0.498
  1810        211  pi+                 91  1490     0     0     0     0     0      0.179     -0.405     -0.301      0.554      0.140
  1811       -211  pi-                 91  1490     0     0     0     0     0     -0.710     -1.120     -1.561      2.053      0.140
  1812       -211  pi-                 91  1491     0     0     0     0     0     -0.134     -2.111     -2.649      3.393      0.140
  1813        111  (pi0)              -91  1491     0  2241  2242     0     0     -0.512     -1.282     -2.897      3.211      0.135
  1814        211  pi+                 91  1492     0     0     0     0     0     -0.014      0.016      0.039      0.147      0.140
  1815        111  (pi0)              -91  1492     0  2243  2244     0     0     -0.952     -0.174     -0.974      1.380      0.135
  1816        211  pi+                 91  1495     0     0     0     0     0      0.161     -0.303      0.067      0.377      0.140
  1817       -211  pi-                 91  1495     0     0     0     0     0      0.024      0.248      0.306      0.418      0.140
  1818       -211  pi-                 91  1497     0     0     0     0     0     -0.287     -0.642      0.688      0.994      0.140
  1819        111  (pi0)              -91  1497     0  2245  2246     0     0     -0.077     -0.475      2.003      2.065      0.135
  1820        211  pi+                 91  1513     0     0     0     0     0      0.131     -0.712    -42.953     42.959      0.140
  1821       -211  pi-                 91  1513     0     0     0     0     0      0.021     -0.054     -1.884      1.890      0.140
  1822        211  pi+                 91  1518     0     0     0     0     0     -0.293     -0.022    -52.574     52.575      0.140
  1823        111  (pi0)              -91  1518     0  2247  2248     0     0      0.902     -0.178   -106.847    106.851      0.135
  1824       -211  pi-                 91  1523     0     0     0     0     0     -0.253     -0.109    -26.698     26.700      0.140
  1825        111  (pi0)              -91  1523     0  2249  2250     0     0      0.273      0.548    -37.525     37.530      0.135
  1826        310  (K_S0)             -91  1526  1526  2251  2252     0     0     -0.043     -0.433    -10.114     10.136      0.498
  1827        211  pi+                 91  1528     0     0     0     0     0      0.222     -0.055     18.574     18.576      0.140
  1828       -211  pi-                 91  1528     0     0     0     0     0     -0.030      0.312     87.053     87.053      0.140
  1829        211  pi+                 91  1532     0     0     0     0     0     -0.378      0.158     -1.327      1.396      0.140
  1830        111  (pi0)              -91  1532     0  2253  2254     0     0      0.282      0.871     -2.522      2.687      0.135
  1831        310  (K_S0)             -91  1534  1534  2255  2256     0     0     -0.281      0.193     -1.241      1.380      0.498
  1832        310  (K_S0)             -91  1578  1578  2257  2258     0     0     -0.632     -1.603    367.803    367.808      0.498
  1833       -211  pi-                 91  1579     0     0     0     0     0     -0.139     -0.838     39.807     39.816      0.140
  1834        111  (pi0)              -91  1579     0  2259  2260     0     0     -0.099     -0.457    131.498    131.498      0.135
  1835       -211  pi-                 91  1582     0     0     0     0     0     -0.110     -0.621     19.385     19.395      0.140
  1836        111  (pi0)              -91  1582     0  2261  2262     0     0      0.062      0.002     24.308     24.308      0.135
  1837        310  (K_S0)             -91  1585  1585  2263  2264     0     0     -0.675     -1.970     61.891     61.928      0.498
  1838        310  (K_S0)             -91  1589  1589  2265  2266     0     0     -0.732     -0.946      6.448      6.577      0.498
  1839        130  K_L0                91  1595  1595     0     0     0     0     -0.670      0.161     22.209     22.225      0.498
  1840        211  pi+                 91  1601     0     0     0     0     0      0.303      0.080      1.628      1.663      0.140
  1841        111  (pi0)              -91  1601     0  2267  2268     0     0     -0.751      0.816      1.198      1.638      0.135
  1842      -2112  nbar0               91  1604     0     0     0     0     0     -1.549      0.479     -2.465      3.097      0.940
  1843        211  pi+                 91  1604     0     0     0     0     0     -0.257     -0.038     -0.181      0.346      0.140
  1844       -211  pi-                 91  1607     0     0     0     0     0     -0.020      0.028     -0.051      0.153      0.140
  1845        111  (pi0)              -91  1607     0  2269  2270     0     0     -0.047     -0.077     -0.601      0.623      0.135
  1846        211  pi+                 91  1608     0     0     0     0     0      0.089      0.285     -0.236      0.405      0.140
  1847        111  (pi0)              -91  1608     0  2271  2272     0     0     -0.413     -0.151     -0.860      0.975      0.135
  1848       -211  pi-                 91  1609     0     0     0     0     0     -0.080      0.031     -0.617      0.639      0.140
  1849        111  (pi0)              -91  1609     0  2273  2274     0     0     -0.404      0.096     -0.593      0.736      0.135
  1850        211  pi+                 91  1611     0     0     0     0     0      0.228     -0.081     -0.173      0.328      0.140
  1851       -211  pi-                 91  1611     0     0     0     0     0      2.128     -5.884     -1.935      6.551      0.140
  1852       -211  pi-                 91  1613     0     0     0     0     0      1.496     -1.336     -1.364      2.430      0.140
  1853        111  (pi0)              -91  1613     0  2275  2276     0     0      0.285     -0.215      0.051      0.385      0.135
  1854        311  (K0)               -91  1623     0  1903  1903     0     0     -0.919      0.804    -10.157     10.242      0.498
  1855        111  (pi0)              -91  1623     0  2277  2278     0     0      0.090      0.089     -3.992      3.996      0.135
  1856        211  pi+                 91  1627     0     0     0     0     0     -1.629      2.274    -21.549     21.730      0.140
  1857        111  (pi0)              -91  1627     0  2279  2280     0     0     -0.367      0.455     -7.384      7.409      0.135
  1858       -211  pi-                 91  1628     0     0     0     0     0     -0.986      1.662    -18.920     19.019      0.140
  1859        111  (pi0)              -91  1628     0  2281  2282     0     0     -0.668      0.335     -7.002      7.043      0.135
  1860        311  (K0)               -91  1630     0  1904  1904     0     0     -0.684      1.706    -17.215     17.320      0.498
  1861        211  pi+                 91  1630     0     0     0     0     0     -0.242      0.153     -1.444      1.478      0.140
  1862       -311  (Kbar0)            -91  1631     0  1905  1905     0     0     -1.131      2.437    -36.832     36.933      0.498
  1863       -211  pi-                 91  1631     0     0     0     0     0     -0.071      0.433     -3.599      3.628      0.140
  1864       -211  pi-                 91  1633     0     0     0     0     0      0.210      0.264    -11.493     11.499      0.140
  1865        111  (pi0)              -91  1633     0  2283  2284     0     0      0.405      0.827     -4.352      4.451      0.135
  1866        211  pi+                 91  1634     0     0     0     0     0      0.093      0.060     -6.130      6.133      0.140
  1867        111  (pi0)              -91  1634     0  2285  2286     0     0     -0.028     -0.592     -4.822      4.860      0.135
  1868        130  K_L0                91  1637  1637     0     0     0     0     -0.178     -0.704     -4.020      4.116      0.498
  1869        130  K_L0                91  1638  1638     0     0     0     0     -0.117     -0.779     -4.718      4.810      0.498
  1870       -311  (Kbar0)            -91  1639     0  1906  1906     0     0     -0.718     -0.372     -2.918      3.069      0.498
  1871        111  (pi0)              -91  1639     0  2287  2288     0     0     -0.329     -0.780     -3.755      3.852      0.135
  1872        310  (K_S0)             -91  1640  1640  2289  2290     0     0     -0.101     -0.278     -3.410      3.459      0.498
  1873        130  K_L0                91  1641  1641     0     0     0     0     -0.528     -2.344    -20.820     20.964      0.498
  1874       -211  pi-                 91  1642     0     0     0     0     0     -0.026      0.074     -0.468      0.494      0.140
  1875        111  (pi0)              -91  1642     0  2291  2292     0     0     -0.088     -1.047     -7.628      7.702      0.135
  1876        211  pi+                 91  1646     0     0     0     0     0     -0.103     -0.240     -5.378      5.386      0.140
  1877        111  (pi0)              -91  1646     0  2293  2294     0     0      0.374     -1.188    -12.864     12.925      0.135
  1878        321  K+                  91  1665     0     0     0     0     0      0.093      0.077      9.185      9.199      0.494
  1879       -211  pi-                 91  1665     0     0     0     0     0     -0.347     -0.238      7.708      7.721      0.140
  1880        130  K_L0                91  1666  1666     0     0     0     0      0.366      0.606      6.059      6.120      0.498
  1881        211  pi+                 91  1670     0     0     0     0     0      0.130      0.220      0.678      0.738      0.140
  1882       -211  pi-                 91  1670     0     0     0     0     0     -0.145     -0.323      0.143      0.407      0.140
  1883        211  pi+                 91  1671     0     0     0     0     0     -0.192     -0.027      0.001      0.239      0.140
  1884       -211  pi-                 91  1671     0     0     0     0     0      0.270     -0.016      0.808      0.863      0.140
  1885       -211  pi-                 91  1679     0     0     0     0     0     -0.190     -0.261    -10.385     10.391      0.140
  1886        111  (pi0)              -91  1679     0  2295  2296     0     0      0.474     -0.017    -11.899     11.909      0.135
  1887        211  pi+                 91  1682     0     0     0     0     0      0.128     -0.711    -49.773     49.779      0.140
  1888       -211  pi-                 91  1682     0     0     0     0     0      0.297     -0.387    -84.604     84.606      0.140
  1889      -2212  pbar-               91  1687     0     0     0     0     0      0.572      0.052    -38.246     38.261      0.938
  1890       -211  pi-                 91  1687     0     0     0     0     0      0.145     -0.198    -10.485     10.489      0.140
  1891        211  pi+                 91  1697     0     0     0     0     0      0.144     -0.013     11.580     11.582      0.140
  1892        111  (pi0)              -91  1697     0  2297  2298     0     0     -0.756      0.108     41.493     41.500      0.135
  1893        310  (K_S0)             -91  1698  1698  2299  2300     0     0      0.450      0.654     59.487     59.494      0.498
  1894       -311  (Kbar0)            -91  1699     0  1907  1907     0     0     -0.359      0.075    268.778    268.778      0.498
  1895        111  (pi0)              -91  1699     0  2301  2302     0     0      0.295      0.229    407.843    407.843      0.135
  1896        130  K_L0                91  1702  1702     0     0     0     0     -0.057      0.395   -133.779    133.780      0.498
  1897        130  K_L0                91  1708  1708     0     0     0     0      0.113      1.391      1.599      2.180      0.498
  1898        130  K_L0                91  1728  1728     0     0     0     0     -0.129      0.407     -0.630      0.909      0.498
  1899        310  (K_S0)             -91  1747  1747  2303  2304     0     0      0.244     -1.583     78.340     78.358      0.498
  1900        130  K_L0                91  1763  1763     0     0     0     0     -0.145      0.590     27.691     27.702      0.498
  1901        310  (K_S0)             -91  1781  1781  2305  2306     0     0      0.371      0.046    -58.101     58.104      0.498
  1902        310  (K_S0)             -91  1807  1807  2307  2308     0     0     -0.228     -0.342     -9.378      9.400      0.498
  1903        130  K_L0                91  1854  1854     0     0     0     0     -0.919      0.804    -10.157     10.242      0.498
  1904        310  (K_S0)             -91  1860  1860  2309  2310     0     0     -0.684      1.706    -17.215     17.320      0.498
  1905        130  K_L0                91  1862  1862     0     0     0     0     -1.131      2.437    -36.832     36.933      0.498
  1906        310  (K_S0)             -91  1870  1870  2311  2312     0     0     -0.718     -0.372     -2.918      3.069      0.498
  1907        310  (K_S0)             -91  1894  1894  2313  2314     0     0     -0.359      0.075    268.778    268.778      0.498
  1908         22  gamma               91  1178     0     0     0     0     0      2.138     -0.521     -8.044      8.340      0.000
  1909         22  gamma               91  1178     0     0     0     0     0      0.680     -0.106     -2.339      2.438      0.000
  1910         22  gamma               91  1184     0     0     0     0     0     -0.000      0.049      0.623      0.625      0.000
  1911         22  gamma               91  1184     0     0     0     0     0     -0.186      0.003      1.875      1.884      0.000
  1912         22  gamma               91  1193     0     0     0     0     0     -0.103      0.023      0.119      0.159      0.000
  1913         22  gamma               91  1193     0     0     0     0     0      0.042      0.018      0.031      0.055      0.000
  1914       2112  n0                  91  1196     0     0     0     0     0     -2.287      0.660      2.171      3.356      0.940
  1915        211  pi+                 91  1196     0     0     0     0     0     -0.422      0.299      0.283      0.606      0.140
  1916      -2112  nbar0               91  1197     0     0     0     0     0     -0.359      1.345      0.918      1.914      0.940
  1917       -211  pi-                 91  1197     0     0     0     0     0      0.012      0.374      0.481      0.625      0.140
  1918         22  gamma               91  1198     0     0     0     0     0      0.066      0.203      0.512      0.555      0.000
  1919         22  gamma               91  1198     0     0     0     0     0      0.095      0.286      0.394      0.496      0.000
  1920        211  pi+                 91  1199     0     0     0     0     0     -0.240      0.398     -0.080      0.492      0.140
  1921       -211  pi-                 91  1199     0     0     0     0     0     -0.075      0.348      0.147      0.409      0.140
  1922         22  gamma               91  1199     0     0     0     0     0     -0.312      0.676     -0.054      0.746      0.000
  1923         22  gamma               91  1202     0     0     0     0     0     -0.062      0.157     -0.021      0.170      0.000
  1924         22  gamma               91  1202     0     0     0     0     0      0.060      0.051     -0.020      0.081      0.000
  1925        211  pi+                 91  1211     0     0     0     0     0      3.044     -1.981      1.133      3.807      0.140
  1926       -211  pi-                 91  1211     0     0     0     0     0      1.012     -0.355      0.405      1.155      0.140
  1927        111  (pi0)              -91  1211     0  2315  2316     0     0      0.929     -0.574      0.476      1.199      0.135
  1928        211  pi+                 91  1213     0     0     0     0     0      1.259     -0.668      0.381      1.482      0.140
  1929       -211  pi-                 91  1213     0     0     0     0     0      1.880     -1.365      0.475      2.375      0.140
  1930        221  (eta)              -91  1213     0  2317  2318     0     0      3.985     -2.525      1.224      4.905      0.548
  1931         22  gamma               91  1217     0     0     0     0     0      2.895     -2.111     -0.445      3.611      0.000
  1932         22  gamma               91  1217     0     0     0     0     0      0.197     -0.105     -0.015      0.224      0.000
  1933         22  gamma               91  1218     0     0     0     0     0      0.944     -0.221      0.068      0.972      0.000
  1934         22  gamma               91  1218     0     0     0     0     0     -0.036     -0.050     -0.107      0.124      0.000
  1935         22  gamma               91  1220     0     0     0     0     0      0.189      0.024     -0.092      0.212      0.000
  1936         22  gamma               91  1220     0     0     0     0     0      2.923      0.128     -1.946      3.514      0.000
  1937        111  (pi0)              -91  1229     0  2319  2320     0     0     -0.901     -0.384     -1.305      1.637      0.135
  1938        111  (pi0)              -91  1229     0  2321  2322     0     0     -1.080     -0.720     -1.899      2.304      0.135
  1939        111  (pi0)              -91  1229     0  2323  2324     0     0     -0.966     -0.695     -1.853      2.207      0.135
  1940        111  (pi0)              -91  1230     0  2325  2326     0     0     -1.451     -0.521     -1.786      2.363      0.135
  1941         22  gamma               91  1230     0     0     0     0     0      0.035     -0.057     -0.453      0.458      0.000
  1942        111  (pi0)              -91  1232     0  2327  2328     0     0     -0.262     -0.123     -0.423      0.530      0.135
  1943        111  (pi0)              -91  1232     0  2329  2330     0     0     -0.696     -0.290     -1.048      1.299      0.135
  1944        111  (pi0)              -91  1232     0  2331  2332     0     0     -0.570     -0.079     -1.165      1.307      0.135
  1945         22  gamma               91  1233     0     0     0     0     0     -1.151     -0.666     -2.194      2.566      0.000
  1946         22  gamma               91  1233     0     0     0     0     0     -0.761     -0.346     -1.516      1.732      0.000
  1947        211  pi+                 91  1235     0     0     0     0     0     -0.005      0.085     -0.557      0.580      0.140
  1948       -211  pi-                 91  1235     0     0     0     0     0     -0.497      0.050     -1.257      1.360      0.140
  1949        111  (pi0)              -91  1235     0  2333  2334     0     0     -0.521     -0.256     -1.232      1.369      0.135
  1950         22  gamma               91  1238     0     0     0     0     0     -0.320     -0.154     -0.999      1.060      0.000
  1951         22  gamma               91  1238     0     0     0     0     0     -1.004      0.445     -4.057      4.203      0.000
  1952        211  pi+                 91  1239     0     0     0     0     0      0.137      0.232     -1.405      1.437      0.140
  1953       -211  pi-                 91  1239     0     0     0     0     0     -0.464      0.513     -8.058      8.089      0.140
  1954      -3222  (Sigmabar-)        -91  1239     0  2335  2336     0     0     -2.538      1.288    -22.547     22.757      1.189
  1955         22  gamma               91  1253     0     0     0     0     0     -0.066      0.350      0.149      0.386      0.000
  1956         22  gamma               91  1253     0     0     0     0     0     -0.077      0.319      0.289      0.438      0.000
  1957         22  gamma               91  1275     0     0     0     0     0      0.007      0.052      0.205      0.212      0.000
  1958         22  gamma               91  1275     0     0     0     0     0     -0.209      1.266      7.763      7.868      0.000
  1959         22  gamma               91  1279     0     0     0     0     0      0.035      0.175      0.678      0.702      0.000
  1960         22  gamma               91  1279     0     0     0     0     0      0.036     -0.003      0.376      0.378      0.000
  1961        211  pi+                 91  1282     0     0     0     0     0     -0.065      0.330      0.855      0.929      0.140
  1962       -211  pi-                 91  1282     0     0     0     0     0      0.105      0.158      0.661      0.702      0.140
  1963        111  (pi0)              -91  1282     0  2337  2338     0     0     -0.017      0.027      0.560      0.577      0.135
  1964         22  gamma               91  1286     0     0     0     0     0     -0.027      0.195      0.312      0.369      0.000
  1965         22  gamma               91  1286     0     0     0     0     0     -0.665      1.962      2.925      3.584      0.000
  1966        111  (pi0)              -91  1287     0  2339  2340     0     0     -0.469      0.413      1.313      1.460      0.135
  1967        111  (pi0)              -91  1287     0  2341  2342     0     0     -0.319      0.518      1.541      1.662      0.135
  1968        111  (pi0)              -91  1287     0  2343  2344     0     0     -0.265      0.603      1.563      1.701      0.135
  1969         22  gamma               91  1289     0     0     0     0     0     -0.116      0.074      0.580      0.596      0.000
  1970         22  gamma               91  1289     0     0     0     0     0      0.033      0.001      0.074      0.081      0.000
  1971        421  (D0)               -91  1299     0  2345  2347     0     0      0.231      0.838      0.170      2.064      1.865
  1972        111  (pi0)              -91  1299     0  2348  2349     0     0      0.059      0.043      0.010      0.154      0.135
  1973        211  pi+                 91  1301     0     0     0     0     0      0.042      0.137      0.484      0.523      0.140
  1974       -211  pi-                 91  1301     0     0     0     0     0     -0.247      0.116      0.301      0.429      0.140
  1975        111  (pi0)              -91  1301     0  2350  2351     0     0     -0.262     -0.105      1.139      1.181      0.135
  1976         22  gamma               91  1302     0     0     0     0     0     -0.198     -0.072     -0.049      0.216      0.000
  1977         22  gamma               91  1302     0     0     0     0     0     -0.105     -0.060      0.074      0.142      0.000
  1978         22  gamma               91  1306     0     0     0     0     0      0.056     -0.540      2.063      2.133      0.000
  1979         22  gamma               91  1306     0     0     0     0     0      0.006     -0.088      0.621      0.627      0.000
  1980        113  (rho0)             -91  1307     0  2352  2353     0     0     -0.504      0.247      3.864      3.946      0.573
  1981         22  gamma               91  1307     0     0     0     0     0     -0.195     -0.319      1.312      1.365      0.000
  1982        211  pi+                 91  1309     0     0     0     0     0      0.057      0.425      4.597      4.619      0.140
  1983       -211  pi-                 91  1309     0     0     0     0     0     -0.111     -0.049      4.610      4.614      0.140
  1984        111  (pi0)              -91  1309     0  2354  2355     0     0      0.081      0.025      3.971      3.974      0.135
  1985        211  pi+                 91  1325     0     0     0     0     0     -0.400      0.661      0.935      1.221      0.140
  1986       -211  pi-                 91  1325     0     0     0     0     0     -0.049      0.474      0.404      0.641      0.140
  1987        111  (pi0)              -91  1325     0  2356  2357     0     0     -0.005      0.016      0.362      0.387      0.135
  1988        321  K+                  91  1332     0     0     0     0     0      0.996      0.229      2.529      2.772      0.494
  1989       -321  K-                  91  1332     0     0     0     0     0      0.787     -0.039      2.328      2.507      0.494
  1990        211  pi+                 91  1347     0     0     0     0     0      0.071      0.282      2.153      2.177      0.140
  1991       -211  pi-                 91  1347     0     0     0     0     0     -0.392      0.741      3.835      3.929      0.140
  1992        111  (pi0)              -91  1347     0  2358  2359     0     0     -0.006      0.116      0.440      0.474      0.135
  1993         22  gamma               91  1348     0     0     0     0     0      0.100      0.050      1.303      1.307      0.000
  1994         22  gamma               91  1348     0     0     0     0     0      0.400      0.051      2.750      2.779      0.000
  1995         22  gamma               91  1350     0     0     0     0     0      0.600      0.593     12.296     12.325      0.000
  1996         22  gamma               91  1350     0     0     0     0     0      0.036      0.035      1.391      1.392      0.000
  1997        211  pi+                 91  1355     0     0     0     0     0      0.018      0.041      4.900      4.902      0.140
  1998       -211  pi-                 91  1355     0     0     0     0     0     -0.387      0.099     28.280     28.283      0.140
  1999         22  gamma               91  1355     0     0     0     0     0      0.002     -0.065      4.449      4.450      0.000
  2000         22  gamma               91  1356     0     0     0     0     0      0.125      0.130     30.205     30.206      0.000
  2001         22  gamma               91  1356     0     0     0     0     0     -0.022      0.115     16.875     16.875      0.000
  2002         22  gamma               91  1358     0     0     0     0     0     -0.005     -0.025      3.469      3.470      0.000
  2003         22  gamma               91  1358     0     0     0     0     0     -0.526     -0.382    181.696    181.697      0.000
  2004         22  gamma               91  1361     0     0     0     0     0     -0.604     -0.365    190.255    190.257      0.000
  2005         22  gamma               91  1361     0     0     0     0     0     -0.452      0.162     88.027     88.028      0.000
  2006         22  gamma               91  1373     0     0     0     0     0     -0.331      4.857      5.712      7.505      0.000
  2007         22  gamma               91  1373     0     0     0     0     0     -0.798     14.867     17.621     23.069      0.000
  2008        211  pi+                 91  1374     0     0     0     0     0     -0.988     15.205     18.879     24.261      0.140
  2009       -211  pi-                 91  1374     0     0     0     0     0     -0.980     21.501     26.256     33.951      0.140
  2010        111  (pi0)              -91  1374     0  2360  2361     0     0     -0.136      3.810      4.843      6.165      0.135
  2011        211  pi+                 91  1376     0     0     0     0     0     -0.425      4.202      4.713      6.330      0.140
  2012       -211  pi-                 91  1376     0     0     0     0     0     -0.402      3.108      3.741      4.882      0.140
  2013        111  (pi0)              -91  1376     0  2362  2363     0     0     -0.188      1.868      2.674      3.269      0.135
  2014      -2112  nbar0               91  1378     0     0     0     0     0      0.196      0.858      5.754      5.897      0.940
  2015        111  (pi0)              -91  1378     0  2364  2365     0     0     -0.080      0.198      1.208      1.234      0.135
  2016        130  K_L0                91  1379     0     0     0     0     0     -0.421      0.483      4.670      4.740      0.498
  2017        310  (K_S0)             -91  1379     0  2366  2367     0     0     -0.265      0.598      4.316      4.394      0.498
  2018       3122  (Lambda0)          -91  1380     0  2368  2369     0     0     -0.446      2.464     20.889     21.068      1.116
  2019        111  (pi0)              -91  1380     0  2370  2371     0     0     -0.229      0.707      5.318      5.371      0.135
  2020      -3122  (Lambdabar0)       -91  1381     0  2372  2373     0     0     -0.861      4.864     41.470     41.778      1.116
  2021         22  gamma               91  1381     0     0     0     0     0     -0.008      0.044      0.158      0.164      0.000
  2022         22  gamma               91  1383     0     0     0     0     0     -0.729      2.699     22.027     22.204      0.000
  2023         22  gamma               91  1383     0     0     0     0     0     -0.257      1.260     10.488     10.567      0.000
  2024         22  gamma               91  1406     0     0     0     0     0     -0.433      0.122    -64.413     64.414      0.000
  2025         22  gamma               91  1406     0     0     0     0     0     -2.121      0.337   -330.404    330.411      0.000
  2026         22  gamma               91  1407     0     0     0     0     0      0.138      0.133     -5.095      5.098      0.000
  2027         22  gamma               91  1407     0     0     0     0     0      0.179      0.415    -15.249     15.256      0.000
  2028         22  gamma               91  1408     0     0     0     0     0     -0.450      0.175    -13.136     13.145      0.000
  2029         22  gamma               91  1408     0     0     0     0     0     -0.638      0.199    -14.489     14.504      0.000
  2030         22  gamma               91  1409     0     0     0     0     0     -0.339     -0.192    -15.304     15.309      0.000
  2031         22  gamma               91  1409     0     0     0     0     0      0.008     -0.012     -0.202      0.202      0.000
  2032         22  gamma               91  1411     0     0     0     0     0     -0.030      0.043     -0.555      0.558      0.000
  2033         22  gamma               91  1411     0     0     0     0     0      0.067     -0.043     -1.676      1.678      0.000
  2034       3122  (Lambda0)          -91  1412     0  2374  2375     0     0      0.173      1.040    -14.294     14.376      1.116
  2035         22  gamma               91  1412     0     0     0     0     0     -0.018      0.002     -0.026      0.032      0.000
  2036         22  gamma               91  1413     0     0     0     0     0     -0.059      0.010     -2.743      2.744      0.000
  2037         22  gamma               91  1413     0     0     0     0     0     -0.510      0.242    -13.204     13.216      0.000
  2038      -2112  nbar0               91  1414     0     0     0     0     0      0.001      0.833     -4.257      4.439      0.940
  2039       -211  pi-                 91  1414     0     0     0     0     0      0.190      0.112     -1.289      1.315      0.140
  2040       3122  (Lambda0)          -91  1415     0  2376  2377     0     0      0.652      0.026     -6.229      6.362      1.116
  2041         22  gamma               91  1415     0     0     0     0     0     -0.029      0.008     -0.484      0.485      0.000
  2042      -2112  nbar0               91  1416     0     0     0     0     0     -0.154      0.130     -2.568      2.742      0.940
  2043        211  pi+                 91  1416     0     0     0     0     0     -0.140      0.132     -1.445      1.465      0.140
  2044        211  pi+                 91  1418     0     0     0     0     0      0.943     -0.500     -2.137      2.393      0.140
  2045       -211  pi-                 91  1418     0     0     0     0     0      0.223     -0.216     -0.667      0.748      0.140
  2046        111  (pi0)              -91  1418     0  2378  2379     0     0      0.207     -0.205     -0.524      0.615      0.135
  2047         22  gamma               91  1422     0     0     0     0     0     -0.014     -0.007     -0.028      0.032      0.000
  2048         22  gamma               91  1422     0     0     0     0     0      0.245      0.160     -0.670      0.731      0.000
  2049        211  pi+                 91  1423     0     0     0     0     0      0.573     -0.321      0.271      0.725      0.140
  2050       -211  pi-                 91  1423     0     0     0     0     0      0.209     -0.371     -0.156      0.475      0.140
  2051        111  (pi0)              -91  1423     0  2380  2381     0     0      0.287     -0.088     -0.088      0.340      0.135
  2052       -511  (Bbar0)            -91  1431     0  2382  2384     0     0      8.658    -50.905    -24.382     57.347      5.280
  2053         22  gamma               91  1431     0     0     0     0     0      0.022     -0.102     -0.083      0.134      0.000
  2054        111  (pi0)              -91  1432     0  2385  2386     0     0      0.079     -0.798     -0.058      0.816      0.135
  2055        111  (pi0)              -91  1432     0  2387  2388     0     0      0.025     -1.023     -0.387      1.103      0.135
  2056        111  (pi0)              -91  1432     0  2389  2390     0     0      0.064     -1.226     -0.280      1.266      0.135
  2057         22  gamma               91  1433     0     0     0     0     0     -0.006      0.005      0.002      0.008      0.000
  2058         22  gamma               91  1433     0     0     0     0     0     -0.129     -0.165     -0.864      0.889      0.000
  2059         22  gamma               91  1434     0     0     0     0     0      0.333     -1.089     -0.164      1.150      0.000
  2060         22  gamma               91  1434     0     0     0     0     0      0.568     -1.525     -0.105      1.631      0.000
  2061         22  gamma               91  1437     0     0     0     0     0      0.248     -0.165      4.450      4.460      0.000
  2062         22  gamma               91  1437     0     0     0     0     0     -0.071      0.176      0.833      0.854      0.000
  2063        211  pi+                 91  1439     0     0     0     0     0     -0.301      0.068      5.952      5.962      0.140
  2064       -211  pi-                 91  1439     0     0     0     0     0     -0.409      0.186      4.849      4.872      0.140
  2065        111  (pi0)              -91  1439     0  2391  2392     0     0      0.000     -0.033      6.130      6.132      0.135
  2066         22  gamma               91  1441     0     0     0     0     0      0.027     -0.018      7.352      7.352      0.000
  2067         22  gamma               91  1441     0     0     0     0     0     -0.054     -0.095    124.133    124.133      0.000
  2068        211  pi+                 91  1457     0     0     0     0     0      0.067      0.853     23.997     24.013      0.140
  2069       -211  pi-                 91  1457     0     0     0     0     0      0.020      0.375     16.266     16.271      0.140
  2070        111  (pi0)              -91  1457     0  2393  2394     0     0      0.162      0.313      5.623      5.636      0.135
  2071         22  gamma               91  1460     0     0     0     0     0     -0.021     -0.034      0.237      0.241      0.000
  2072         22  gamma               91  1460     0     0     0     0     0      0.216     -0.372      2.212      2.254      0.000
  2073         22  gamma               91  1461     0     0     0     0     0     -0.026      0.046      0.088      0.103      0.000
  2074         22  gamma               91  1461     0     0     0     0     0     -0.405      0.490      2.288      2.375      0.000
  2075         22  gamma               91  1462     0     0     0     0     0     -0.165     -0.002      0.564      0.588      0.000
  2076         22  gamma               91  1462     0     0     0     0     0     -0.059      0.039      0.071      0.100      0.000
  2077         22  gamma               91  1473     0     0     0     0     0      0.039      0.029     -7.700      7.700      0.000
  2078         22  gamma               91  1473     0     0     0     0     0     -0.061     -0.071    -12.632     12.632      0.000
  2079         22  gamma               91  1475     0     0     0     0     0     -0.105     -0.065     -6.722      6.724      0.000
  2080         22  gamma               91  1475     0     0     0     0     0     -0.259     -0.160    -32.629     32.631      0.000
  2081         22  gamma               91  1477     0     0     0     0     0     -0.032      0.197    -73.543     73.543      0.000
  2082         22  gamma               91  1477     0     0     0     0     0     -0.084      0.157    -35.094     35.094      0.000
  2083         22  gamma               91  1479     0     0     0     0     0      0.071      0.014    -60.389     60.389      0.000
  2084         22  gamma               91  1479     0     0     0     0     0      0.120      0.019    -26.498     26.498      0.000
  2085       3122  (Lambda0)          -91  1483     0  2395  2396     0     0     -0.144     -0.051    -34.976     34.994      1.116
  2086         22  gamma               91  1483     0     0     0     0     0     -0.009     -0.044     -0.417      0.419      0.000
  2087      -3122  (Lambdabar0)       -91  1484     0  2397  2398     0     0      0.158     -0.233    -13.512     13.561      1.116
  2088         22  gamma               91  1484     0     0     0     0     0      0.039     -0.009     -0.118      0.124      0.000
  2089       3122  (Lambda0)          -91  1487     0  2399  2400     0     0      0.252     -0.673     -3.861      4.083      1.116
  2090       -211  pi-                 91  1487     0     0     0     0     0      0.140     -0.004     -0.389      0.436      0.140
  2091      -3122  (Lambdabar0)       -91  1488     0  2401  2402     0     0     -0.414     -2.311     -5.212      5.824      1.116
  2092         22  gamma               91  1488     0     0     0     0     0     -0.107     -0.153     -0.344      0.391      0.000
  2093         22  gamma               91  1496     0     0     0     0     0     -0.436     -0.122     -0.095      0.462      0.000
  2094         22  gamma               91  1496     0     0     0     0     0     -0.421     -0.005     -0.017      0.421      0.000
  2095       -411  (D-)               -91  1499     0  2403  2405     0     0     -1.195    -16.771     27.146     31.986      1.870
  2096        223  (omega)            -91  1499     0  2406  2408     0     0     -0.633     -8.026     14.540     16.638      0.774
  2097        211  pi+                 91  1499     0     0     0     0     0     -0.876     -5.692     10.650     12.108      0.140
  2098       -211  pi-                 91  1499     0     0     0     0     0     -0.668     -2.589      3.624      4.506      0.140
  2099        211  pi+                 91  1499     0     0     0     0     0     -0.972    -14.446     24.526     28.481      0.140
  2100        211  pi+                 91  1511     0     0     0     0     0      0.152     -1.005    -32.143     32.159      0.140
  2101       -211  pi-                 91  1511     0     0     0     0     0      0.071     -0.425    -10.311     10.321      0.140
  2102        111  (pi0)              -91  1511     0  2409  2410     0     0      0.672     -1.670    -63.679     63.704      0.135
  2103         22  gamma               91  1512     0     0     0     0     0      0.010     -0.020     -0.378      0.379      0.000
  2104         22  gamma               91  1512     0     0     0     0     0     -0.133     -0.077    -13.721     13.721      0.000
  2105         22  gamma               91  1514     0     0     0     0     0      0.233     -0.163    -20.836     20.838      0.000
  2106         22  gamma               91  1514     0     0     0     0     0      0.434     -0.452    -35.693     35.699      0.000
  2107        211  pi+                 91  1516     0     0     0     0     0      0.214     -0.248    -13.265     13.270      0.140
  2108       -211  pi-                 91  1516     0     0     0     0     0      0.375     -1.357    -85.172     85.184      0.140
  2109        111  (pi0)              -91  1516     0  2411  2412     0     0      0.130     -0.301    -28.980     28.982      0.135
  2110        111  (pi0)              -91  1517     0  2413  2414     0     0      0.208     -0.164    -30.144     30.146      0.135
  2111        111  (pi0)              -91  1517     0  2415  2416     0     0      0.396     -0.082    -46.783     46.785      0.135
  2112        111  (pi0)              -91  1517     0  2417  2418     0     0      0.172     -0.186    -17.423     17.426      0.135
  2113         22  gamma               91  1520     0     0     0     0     0     -0.020     -0.001     -1.960      1.961      0.000
  2114         22  gamma               91  1520     0     0     0     0     0      0.058     -0.410    -40.162     40.164      0.000
  2115        211  pi+                 91  1522     0     0     0     0     0      0.314     -0.152    -48.988     48.990      0.140
  2116       -211  pi-                 91  1522     0     0     0     0     0      0.498      0.012    -39.782     39.786      0.140
  2117        111  (pi0)              -91  1522     0  2419  2420     0     0      0.073     -0.165    -52.747     52.747      0.135
  2118         22  gamma               91  1524     0     0     0     0     0      0.039      0.042     -0.485      0.488      0.000
  2119         22  gamma               91  1524     0     0     0     0     0     -0.085      0.050     -2.019      2.022      0.000
  2120        111  (pi0)              -91  1527     0  2421  2422     0     0      0.300      0.378     40.416     40.419      0.135
  2121         22  gamma               91  1527     0     0     0     0     0      0.213      0.380    161.689    161.689      0.000
  2122         22  gamma               91  1529     0     0     0     0     0      0.104     -0.117      4.600      4.602      0.000
  2123         22  gamma               91  1529     0     0     0     0     0     -0.303      0.356     19.228     19.233      0.000
  2124         22  gamma               91  1530     0     0     0     0     0     -0.110      0.280      1.762      1.787      0.000
  2125         22  gamma               91  1530     0     0     0     0     0      0.007      0.018      0.498      0.498      0.000
  2126         22  gamma               91  1531     0     0     0     0     0     -0.057     -0.325      0.469      0.574      0.000
  2127         22  gamma               91  1531     0     0     0     0     0      0.003     -0.216      2.049      2.060      0.000
  2128         22  gamma               91  1580     0     0     0     0     0     -0.069     -0.122     16.590     16.591      0.000
  2129         22  gamma               91  1580     0     0     0     0     0      0.050     -0.223     21.466     21.467      0.000
  2130         22  gamma               91  1584     0     0     0     0     0      0.321     -0.075      4.858      4.869      0.000
  2131         22  gamma               91  1584     0     0     0     0     0      0.033     -0.031      1.705      1.706      0.000
  2132         22  gamma               91  1587     0     0     0     0     0     -0.053      0.094      1.537      1.541      0.000
  2133         22  gamma               91  1587     0     0     0     0     0     -0.426      0.334      5.195      5.223      0.000
  2134        111  (pi0)              -91  1591     0  2423  2424     0     0     -0.535      0.070      3.423      3.468      0.135
  2135        111  (pi0)              -91  1591     0  2425  2426     0     0     -0.420      0.047      3.741      3.767      0.135
  2136        111  (pi0)              -91  1591     0  2427  2428     0     0     -0.259     -0.125      2.595      2.614      0.135
  2137         22  gamma               91  1598     0     0     0     0     0     -0.419      0.185      7.377      7.391      0.000
  2138         22  gamma               91  1598     0     0     0     0     0     -1.219     -0.207     12.793     12.853      0.000
  2139         22  gamma               91  1600     0     0     0     0     0     -0.302      0.042      0.809      0.865      0.000
  2140         22  gamma               91  1600     0     0     0     0     0     -0.254     -0.041      0.451      0.519      0.000
  2141        211  pi+                 91  1610     0     0     0     0     0      0.030     -0.706     -0.219      0.753      0.140
  2142       -211  pi-                 91  1610     0     0     0     0     0     -0.278     -0.191     -0.151      0.395      0.140
  2143        111  (pi0)              -91  1610     0  2429  2430     0     0     -0.008     -0.402     -0.326      0.535      0.135
  2144        211  pi+                 91  1614     0     0     0     0     0      0.593     -1.032     -0.859      1.474      0.140
  2145       -211  pi-                 91  1614     0     0     0     0     0      0.787     -2.263     -1.739      2.963      0.140
  2146        111  (pi0)              -91  1614     0  2431  2432     0     0      0.125     -0.391     -0.538      0.690      0.135
  2147         22  gamma               91  1617     0     0     0     0     0     -0.292     -0.108     -0.422      0.525      0.000
  2148         22  gamma               91  1617     0     0     0     0     0      0.010     -0.024     -0.058      0.064      0.000
  2149         22  gamma               91  1618     0     0     0     0     0      0.366     -0.567     -1.349      1.508      0.000
  2150         22  gamma               91  1618     0     0     0     0     0     -0.140      0.006     -0.261      0.296      0.000
  2151        111  (pi0)              -91  1622     0  2433  2434     0     0     -0.220     -0.124     -1.882      1.904      0.135
  2152        111  (pi0)              -91  1622     0  2435  2436     0     0     -0.023     -0.071     -0.467      0.492      0.135
  2153        111  (pi0)              -91  1622     0  2437  2438     0     0     -0.132     -0.127     -0.532      0.578      0.135
  2154       2212  p+                  91  1624     0     0     0     0     0     -1.021      0.586    -13.926     14.007      0.938
  2155        111  (pi0)              -91  1624     0  2439  2440     0     0     -0.057     -0.053     -0.754      0.770      0.135
  2156         22  gamma               91  1629     0     0     0     0     0     -0.355      1.045    -13.726     13.770      0.000
  2157         22  gamma               91  1629     0     0     0     0     0     -0.513      1.304    -19.235     19.286      0.000
  2158        211  pi+                 91  1643     0     0     0     0     0      0.333     -1.725    -19.388     19.468      0.140
  2159       -211  pi-                 91  1643     0     0     0     0     0      0.034     -0.243     -2.762      2.777      0.140
  2160        111  (pi0)              -91  1643     0  2441  2442     0     0      0.676     -1.546    -21.268     21.335      0.135
  2161         22  gamma               91  1649     0     0     0     0     0      0.092      0.441    -11.701     11.709      0.000
  2162         22  gamma               91  1649     0     0     0     0     0     -0.015      0.006     -1.018      1.018      0.000
  2163        211  pi+                 91  1652     0     0     0     0     0     -0.063     -0.113     -5.965      5.968      0.140
  2164       -211  pi-                 91  1652     0     0     0     0     0     -0.074      0.268     -5.669      5.677      0.140
  2165        111  (pi0)              -91  1652     0  2443  2444     0     0      0.136      0.136     -1.921      1.935      0.135
  2166         22  gamma               91  1667     0     0     0     0     0      0.202      0.139      1.086      1.113      0.000
  2167         22  gamma               91  1667     0     0     0     0     0     -0.126      0.023      4.606      4.608      0.000
  2168         22  gamma               91  1672     0     0     0     0     0      0.075      0.018      0.291      0.301      0.000
  2169         22  gamma               91  1672     0     0     0     0     0      0.156      0.035      0.162      0.228      0.000
  2170        211  pi+                 91  1675     0     0     0     0     0     -0.064      0.055     -0.359      0.394      0.140
  2171       -211  pi-                 91  1675     0     0     0     0     0     -0.040     -0.291     -0.610      0.692      0.140
  2172        111  (pi0)              -91  1675     0  2445  2446     0     0      0.284      0.086     -0.551      0.640      0.135
  2173         22  gamma               91  1677     0     0     0     0     0     -0.090     -0.054     -1.088      1.093      0.000
  2174         22  gamma               91  1677     0     0     0     0     0     -0.053     -0.245     -2.003      2.019      0.000
  2175         22  gamma               91  1689     0     0     0     0     0      0.183      0.245     -0.208      0.370      0.000
  2176         22  gamma               91  1689     0     0     0     0     0      0.157      0.499     -0.383      0.648      0.000
  2177         22  gamma               91  1692     0     0     0     0     0     -0.023     -0.042      0.012      0.049      0.000
  2178         22  gamma               91  1692     0     0     0     0     0     -0.237     -0.223      0.519      0.613      0.000
  2179        211  pi+                 91  1695     0     0     0     0     0      0.094      0.129      0.233      0.315      0.140
  2180       -211  pi-                 91  1695     0     0     0     0     0      0.113      0.126      0.570      0.610      0.140
  2181        111  (pi0)              -91  1695     0  2447  2448     0     0      0.067      0.268      0.230      0.384      0.135
  2182        211  pi+                 91  1696     0     0     0     0     0     -0.103     -0.164      0.808      0.842      0.140
  2183       -211  pi-                 91  1696     0     0     0     0     0      0.085     -0.330      0.482      0.607      0.140
  2184        111  (pi0)              -91  1696     0  2449  2450     0     0      0.217     -0.361      1.802      1.856      0.135
  2185         22  gamma               91  1705     0     0     0     0     0      0.126      0.302      2.479      2.500      0.000
  2186         22  gamma               91  1705     0     0     0     0     0      0.076      0.026      0.536      0.542      0.000
  2187         22  gamma               91  1709     0     0     0     0     0     -0.025     -0.027      0.073      0.082      0.000
  2188         22  gamma               91  1709     0     0     0     0     0      0.123      0.043      0.335      0.359      0.000
  2189         22  gamma               91  1711     0     0     0     0     0     -0.067      0.039      0.357      0.366      0.000
  2190         22  gamma               91  1711     0     0     0     0     0     -0.104     -0.104      0.933      0.944      0.000
  2191         22  gamma               91  1715     0     0     0     0     0      0.126      0.708     -0.321      0.787      0.000
  2192         22  gamma               91  1715     0     0     0     0     0      0.030      0.040      0.005      0.050      0.000
  2193         22  gamma               91  1717     0     0     0     0     0      0.467      0.904     -1.355      1.694      0.000
  2194         22  gamma               91  1717     0     0     0     0     0      0.001     -0.002     -0.021      0.021      0.000
  2195         22  gamma               91  1721     0     0     0     0     0     -0.020      0.020     -0.006      0.029      0.000
  2196         22  gamma               91  1721     0     0     0     0     0     -0.197      1.054     -0.837      1.361      0.000
  2197         22  gamma               91  1727     0     0     0     0     0      0.023      0.037      0.067      0.080      0.000
  2198         22  gamma               91  1727     0     0     0     0     0      0.477      1.113      0.856      1.483      0.000
  2199         22  gamma               91  1733     0     0     0     0     0     -0.450      1.061      4.522      4.666      0.000
  2200         22  gamma               91  1733     0     0     0     0     0     -0.064      0.064      0.298      0.312      0.000
  2201         22  gamma               91  1737     0     0     0     0     0      0.016      0.098      0.218      0.240      0.000
  2202         22  gamma               91  1737     0     0     0     0     0     -0.283      2.253      4.808      5.317      0.000
  2203         22  gamma               91  1739     0     0     0     0     0     -0.269      1.443      2.439      2.847      0.000
  2204         22  gamma               91  1739     0     0     0     0     0      0.009      0.256      0.413      0.486      0.000
  2205         22  gamma               91  1742     0     0     0     0     0     -0.176     -0.094      0.186      0.273      0.000
  2206         22  gamma               91  1742     0     0     0     0     0     -0.374     -0.019      0.480      0.608      0.000
  2207         22  gamma               91  1746     0     0     0     0     0      0.064     -0.021      4.504      4.505      0.000
  2208         22  gamma               91  1746     0     0     0     0     0     -0.029     -0.057     15.540     15.540      0.000
  2209         22  gamma               91  1750     0     0     0     0     0      0.140      0.041     -0.048      0.153      0.000
  2210         22  gamma               91  1750     0     0     0     0     0      0.424      0.093     -0.415      0.600      0.000
  2211         22  gamma               91  1752     0     0     0     0     0     -0.068      0.089     -0.501      0.514      0.000
  2212         22  gamma               91  1752     0     0     0     0     0      0.012     -0.039     -0.137      0.143      0.000
  2213         22  gamma               91  1760     0     0     0     0     0      0.008     -0.043      0.697      0.698      0.000
  2214         22  gamma               91  1760     0     0     0     0     0      0.467     -0.300      6.271      6.296      0.000
  2215         22  gamma               91  1762     0     0     0     0     0      0.015     -0.032      0.469      0.471      0.000
  2216         22  gamma               91  1762     0     0     0     0     0      0.219      0.106      2.386      2.399      0.000
  2217         22  gamma               91  1768     0     0     0     0     0     -0.069      0.197     12.505     12.507      0.000
  2218         22  gamma               91  1768     0     0     0     0     0     -0.418      0.497     41.665     41.670      0.000
  2219         22  gamma               91  1770     0     0     0     0     0     -0.124      0.185     32.553     32.554      0.000
  2220         22  gamma               91  1770     0     0     0     0     0     -0.144      0.032     22.615     22.615      0.000
  2221         22  gamma               91  1772     0     0     0     0     0     -0.021      0.047      4.753      4.753      0.000
  2222         22  gamma               91  1772     0     0     0     0     0      0.031      0.054     37.735     37.735      0.000
  2223         22  gamma               91  1776     0     0     0     0     0     -0.040      0.174      0.121      0.215      0.000
  2224         22  gamma               91  1776     0     0     0     0     0      0.024     -0.009      0.057      0.063      0.000
  2225         22  gamma               91  1780     0     0     0     0     0      0.005     -0.072    -13.946     13.946      0.000
  2226         22  gamma               91  1780     0     0     0     0     0      0.227     -0.113    -51.587     51.588      0.000
  2227         22  gamma               91  1786     0     0     0     0     0     -0.115      0.483    -63.578     63.579      0.000
  2228         22  gamma               91  1786     0     0     0     0     0     -0.042      0.049     -4.648      4.648      0.000
  2229        211  pi+                 91  1789     0     0     0     0     0      0.440      0.009     -0.112      0.475      0.140
  2230       -211  pi-                 91  1789     0     0     0     0     0     -0.024     -0.127      0.016      0.191      0.140
  2231         22  gamma               91  1792     0     0     0     0     0      1.973     -0.662     -3.513      4.083      0.000
  2232         22  gamma               91  1792     0     0     0     0     0      0.578     -0.119     -0.974      1.139      0.000
  2233         22  gamma               91  1796     0     0     0     0     0      0.198      0.260     12.853     12.857      0.000
  2234         22  gamma               91  1796     0     0     0     0     0      0.031      0.021      4.484      4.484      0.000
  2235         22  gamma               91  1798     0     0     0     0     0      0.151      0.414      5.864      5.881      0.000
  2236         22  gamma               91  1798     0     0     0     0     0      0.017     -0.006      0.150      0.151      0.000
  2237         22  gamma               91  1806     0     0     0     0     0     -0.060      0.214    -15.809     15.810      0.000
  2238         22  gamma               91  1806     0     0     0     0     0      0.071      0.151    -11.145     11.146      0.000
  2239        211  pi+                 91  1809     0     0     0     0     0     -0.612     -0.212     -1.600      1.731      0.140
  2240       -211  pi-                 91  1809     0     0     0     0     0     -0.062     -0.012     -0.934      0.946      0.140
  2241         22  gamma               91  1813     0     0     0     0     0     -0.050     -0.155     -0.451      0.479      0.000
  2242         22  gamma               91  1813     0     0     0     0     0     -0.461     -1.127     -2.446      2.732      0.000
  2243         22  gamma               91  1815     0     0     0     0     0     -0.807     -0.159     -0.888      1.211      0.000
  2244         22  gamma               91  1815     0     0     0     0     0     -0.145     -0.015     -0.086      0.169      0.000
  2245         22  gamma               91  1819     0     0     0     0     0     -0.001     -0.286      1.367      1.397      0.000
  2246         22  gamma               91  1819     0     0     0     0     0     -0.076     -0.189      0.636      0.668      0.000
  2247         22  gamma               91  1823     0     0     0     0     0      0.577     -0.100    -75.071     75.073      0.000
  2248         22  gamma               91  1823     0     0     0     0     0      0.325     -0.078    -31.776     31.778      0.000
  2249         22  gamma               91  1825     0     0     0     0     0     -0.009      0.050     -4.366      4.366      0.000
  2250         22  gamma               91  1825     0     0     0     0     0      0.282      0.498    -33.159     33.164      0.000
  2251        111  (pi0)              -91  1826     0  2451  2452     0     0     -0.087     -0.258     -8.554      8.560      0.135
  2252        111  (pi0)              -91  1826     0  2453  2454     0     0      0.044     -0.175     -1.560      1.576      0.135
  2253         22  gamma               91  1830     0     0     0     0     0      0.229      0.573     -1.826      1.927      0.000
  2254         22  gamma               91  1830     0     0     0     0     0      0.053      0.298     -0.697      0.760      0.000
  2255        211  pi+                 91  1831     0     0     0     0     0     -0.324      0.000     -0.622      0.715      0.140
  2256       -211  pi-                 91  1831     0     0     0     0     0      0.043      0.193     -0.619      0.665      0.140
  2257        211  pi+                 91  1832     0     0     0     0     0     -0.348     -0.930    168.234    168.237      0.140
  2258       -211  pi-                 91  1832     0     0     0     0     0     -0.284     -0.674    199.569    199.570      0.140
  2259         22  gamma               91  1834     0     0     0     0     0     -0.076     -0.458    125.657    125.657      0.000
  2260         22  gamma               91  1834     0     0     0     0     0     -0.023      0.000      5.841      5.841      0.000
  2261         22  gamma               91  1836     0     0     0     0     0     -0.001     -0.058     12.129     12.129      0.000
  2262         22  gamma               91  1836     0     0     0     0     0      0.063      0.060     12.179     12.179      0.000
  2263        211  pi+                 91  1837     0     0     0     0     0     -0.473     -0.934     26.561     26.582      0.140
  2264       -211  pi-                 91  1837     0     0     0     0     0     -0.203     -1.037     35.329     35.345      0.140
  2265        211  pi+                 91  1838     0     0     0     0     0     -0.428     -0.232      2.422      2.474      0.140
  2266       -211  pi-                 91  1838     0     0     0     0     0     -0.304     -0.714      4.026      4.102      0.140
  2267         22  gamma               91  1841     0     0     0     0     0     -0.370      0.308      0.547      0.729      0.000
  2268         22  gamma               91  1841     0     0     0     0     0     -0.381      0.507      0.650      0.909      0.000
  2269         22  gamma               91  1845     0     0     0     0     0      0.035     -0.004     -0.296      0.298      0.000
  2270         22  gamma               91  1845     0     0     0     0     0     -0.083     -0.073     -0.306      0.325      0.000
  2271         22  gamma               91  1847     0     0     0     0     0     -0.232     -0.049     -0.579      0.625      0.000
  2272         22  gamma               91  1847     0     0     0     0     0     -0.182     -0.102     -0.281      0.350      0.000
  2273         22  gamma               91  1849     0     0     0     0     0     -0.412      0.103     -0.579      0.718      0.000
  2274         22  gamma               91  1849     0     0     0     0     0      0.009     -0.007     -0.014      0.018      0.000
  2275         22  gamma               91  1853     0     0     0     0     0      0.164     -0.043      0.040      0.175      0.000
  2276         22  gamma               91  1853     0     0     0     0     0      0.121     -0.172      0.011      0.211      0.000
  2277         22  gamma               91  1855     0     0     0     0     0      0.013      0.093     -2.920      2.921      0.000
  2278         22  gamma               91  1855     0     0     0     0     0      0.077     -0.004     -1.072      1.075      0.000
  2279         22  gamma               91  1857     0     0     0     0     0      0.006      0.036     -0.317      0.319      0.000
  2280         22  gamma               91  1857     0     0     0     0     0     -0.373      0.420     -7.067      7.090      0.000
  2281         22  gamma               91  1859     0     0     0     0     0     -0.011      0.028     -0.456      0.457      0.000
  2282         22  gamma               91  1859     0     0     0     0     0     -0.657      0.307     -6.546      6.586      0.000
  2283         22  gamma               91  1865     0     0     0     0     0      0.318      0.743     -3.689      3.776      0.000
  2284         22  gamma               91  1865     0     0     0     0     0      0.086      0.084     -0.664      0.674      0.000
  2285         22  gamma               91  1867     0     0     0     0     0      0.044     -0.365     -3.115      3.136      0.000
  2286         22  gamma               91  1867     0     0     0     0     0     -0.072     -0.226     -1.707      1.724      0.000
  2287         22  gamma               91  1871     0     0     0     0     0     -0.186     -0.291     -1.659      1.695      0.000
  2288         22  gamma               91  1871     0     0     0     0     0     -0.143     -0.489     -2.096      2.157      0.000
  2289        211  pi+                 91  1872     0     0     0     0     0     -0.153     -0.180     -0.863      0.906      0.140
  2290       -211  pi-                 91  1872     0     0     0     0     0      0.052     -0.098     -2.547      2.554      0.140
  2291         22  gamma               91  1875     0     0     0     0     0      0.011     -0.040     -0.175      0.180      0.000
  2292         22  gamma               91  1875     0     0     0     0     0     -0.099     -1.008     -7.454      7.522      0.000
  2293         22  gamma               91  1877     0     0     0     0     0      0.188     -0.791     -8.634      8.672      0.000
  2294         22  gamma               91  1877     0     0     0     0     0      0.186     -0.397     -4.231      4.253      0.000
  2295         22  gamma               91  1886     0     0     0     0     0      0.456     -0.008    -11.754     11.763      0.000
  2296         22  gamma               91  1886     0     0     0     0     0      0.018     -0.008     -0.144      0.146      0.000
  2297         22  gamma               91  1892     0     0     0     0     0     -0.300      0.038     20.064     20.066      0.000
  2298         22  gamma               91  1892     0     0     0     0     0     -0.457      0.070     21.429     21.434      0.000
  2299        211  pi+                 91  1893     0     0     0     0     0      0.339      0.154     21.522     21.526      0.140
  2300       -211  pi-                 91  1893     0     0     0     0     0      0.111      0.499     37.964     37.968      0.140
  2301         22  gamma               91  1895     0     0     0     0     0     -0.003      0.044     61.898     61.898      0.000
  2302         22  gamma               91  1895     0     0     0     0     0      0.298      0.185    345.945    345.945      0.000
  2303        111  (pi0)              -91  1899     0  2455  2456     0     0      0.012     -0.761     45.528     45.535      0.135
  2304        111  (pi0)              -91  1899     0  2457  2458     0     0      0.232     -0.822     32.812     32.824      0.135
  2305        111  (pi0)              -91  1901     0  2459  2460     0     0     -0.057     -0.047    -10.455     10.456      0.135
  2306        111  (pi0)              -91  1901     0  2461  2462     0     0      0.428      0.093    -47.646     47.648      0.135
  2307        211  pi+                 91  1902     0     0     0     0     0     -0.298     -0.358     -6.786      6.804      0.140
  2308       -211  pi-                 91  1902     0     0     0     0     0      0.071      0.016     -2.591      2.596      0.140
  2309        211  pi+                 91  1904     0     0     0     0     0     -0.159      0.864     -7.113      7.168      0.140
  2310       -211  pi-                 91  1904     0     0     0     0     0     -0.525      0.842    -10.102     10.152      0.140
  2311        211  pi+                 91  1906     0     0     0     0     0     -0.013     -0.023     -0.308      0.340      0.140
  2312       -211  pi-                 91  1906     0     0     0     0     0     -0.705     -0.349     -2.610      2.729      0.140
  2313        211  pi+                 91  1907     0     0     0     0     0     -0.413      0.127    214.305    214.306      0.140
  2314       -211  pi-                 91  1907     0     0     0     0     0      0.054     -0.052     54.472     54.473      0.140
  2315         22  gamma               91  1927     0     0     0     0     0      0.880     -0.504      0.428      1.101      0.000
  2316         22  gamma               91  1927     0     0     0     0     0      0.048     -0.070      0.048      0.098      0.000
  2317         22  gamma               91  1930     0     0     0     0     0      1.608     -1.332      0.475      2.141      0.000
  2318         22  gamma               91  1930     0     0     0     0     0      2.378     -1.193      0.749      2.763      0.000
  2319         22  gamma               91  1937     0     0     0     0     0     -0.048     -0.002     -0.111      0.121      0.000
  2320         22  gamma               91  1937     0     0     0     0     0     -0.853     -0.383     -1.194      1.517      0.000
  2321         22  gamma               91  1938     0     0     0     0     0     -0.117     -0.128     -0.221      0.281      0.000
  2322         22  gamma               91  1938     0     0     0     0     0     -0.963     -0.591     -1.678      2.023      0.000
  2323         22  gamma               91  1939     0     0     0     0     0     -0.314     -0.254     -0.743      0.845      0.000
  2324         22  gamma               91  1939     0     0     0     0     0     -0.652     -0.440     -1.111      1.361      0.000
  2325         22  gamma               91  1940     0     0     0     0     0     -0.678     -0.312     -0.890      1.162      0.000
  2326         22  gamma               91  1940     0     0     0     0     0     -0.773     -0.208     -0.895      1.201      0.000
  2327         22  gamma               91  1942     0     0     0     0     0     -0.275     -0.115     -0.420      0.515      0.000
  2328         22  gamma               91  1942     0     0     0     0     0      0.012     -0.008     -0.002      0.015      0.000
  2329         22  gamma               91  1943     0     0     0     0     0     -0.337     -0.182     -0.436      0.580      0.000
  2330         22  gamma               91  1943     0     0     0     0     0     -0.360     -0.108     -0.613      0.719      0.000
  2331         22  gamma               91  1944     0     0     0     0     0     -0.439     -0.086     -0.775      0.895      0.000
  2332         22  gamma               91  1944     0     0     0     0     0     -0.131      0.008     -0.390      0.412      0.000
  2333         22  gamma               91  1949     0     0     0     0     0     -0.411     -0.167     -1.035      1.126      0.000
  2334         22  gamma               91  1949     0     0     0     0     0     -0.110     -0.089     -0.197      0.242      0.000
  2335      -2112  nbar0               91  1954     0     0     0     0     0     -2.009      1.130    -17.080     17.260      0.940
  2336       -211  pi-                 91  1954     0     0     0     0     0     -0.529      0.157     -5.467      5.496      0.140
  2337         22  gamma               91  1963     0     0     0     0     0     -0.017     -0.030      0.036      0.050      0.000
  2338         22  gamma               91  1963     0     0     0     0     0     -0.000      0.057      0.523      0.526      0.000
  2339         22  gamma               91  1966     0     0     0     0     0     -0.437      0.381      1.276      1.401      0.000
  2340         22  gamma               91  1966     0     0     0     0     0     -0.033      0.032      0.037      0.059      0.000
  2341         22  gamma               91  1967     0     0     0     0     0     -0.293      0.499      1.355      1.473      0.000
  2342         22  gamma               91  1967     0     0     0     0     0     -0.026      0.019      0.186      0.189      0.000
  2343         22  gamma               91  1968     0     0     0     0     0     -0.168      0.513      1.252      1.363      0.000
  2344         22  gamma               91  1968     0     0     0     0     0     -0.098      0.090      0.311      0.338      0.000
  2345        -11  e+                  91  1971     0     0     0     0     0      0.370      0.273      0.160      0.487      0.001
  2346         12  nu_e                91  1971     0     0     0     0     0      0.492     -0.136      0.055      0.513      0.000
  2347       -321  K-                  91  1971     0     0     0     0     0     -0.630      0.700     -0.045      1.064      0.494
  2348         22  gamma               91  1972     0     0     0     0     0      0.071      0.078     -0.018      0.107      0.000
  2349         22  gamma               91  1972     0     0     0     0     0     -0.012     -0.036      0.028      0.047      0.000
  2350         22  gamma               91  1975     0     0     0     0     0     -0.180     -0.014      0.525      0.555      0.000
  2351         22  gamma               91  1975     0     0     0     0     0     -0.082     -0.090      0.614      0.626      0.000
  2352        211  pi+                 91  1980     0     0     0     0     0     -0.067     -0.031      0.271      0.314      0.140
  2353       -211  pi-                 91  1980     0     0     0     0     0     -0.437      0.278      3.593      3.632      0.140
  2354         22  gamma               91  1984     0     0     0     0     0     -0.012     -0.042      1.191      1.192      0.000
  2355         22  gamma               91  1984     0     0     0     0     0      0.094      0.067      2.780      2.782      0.000
  2356         22  gamma               91  1987     0     0     0     0     0     -0.013      0.068      0.289      0.297      0.000
  2357         22  gamma               91  1987     0     0     0     0     0      0.008     -0.051      0.073      0.090      0.000
  2358         22  gamma               91  1992     0     0     0     0     0      0.032      0.067      0.384      0.391      0.000
  2359         22  gamma               91  1992     0     0     0     0     0     -0.038      0.049      0.056      0.083      0.000
  2360         22  gamma               91  2010     0     0     0     0     0      0.004      1.312      1.730      2.171      0.000
  2361         22  gamma               91  2010     0     0     0     0     0     -0.140      2.498      3.113      3.994      0.000
  2362         22  gamma               91  2013     0     0     0     0     0     -0.132      1.469      2.190      2.641      0.000
  2363         22  gamma               91  2013     0     0     0     0     0     -0.055      0.398      0.484      0.629      0.000
  2364         22  gamma               91  2015     0     0     0     0     0     -0.019      0.171      1.021      1.036      0.000
  2365         22  gamma               91  2015     0     0     0     0     0     -0.062      0.027      0.186      0.198      0.000
  2366        211  pi+                 91  2017     0     0     0     0     0      0.047      0.118      0.545      0.577      0.140
  2367       -211  pi-                 91  2017     0     0     0     0     0     -0.313      0.480      3.771      3.817      0.140
  2368       2112  n0                  91  2018     0     0     0     0     0     -0.471      2.036     17.278     17.430      0.940
  2369        111  (pi0)              -91  2018     0  2463  2464     0     0      0.024      0.428      3.610      3.638      0.135
  2370         22  gamma               91  2019     0     0     0     0     0     -0.080      0.112      1.215      1.223      0.000
  2371         22  gamma               91  2019     0     0     0     0     0     -0.149      0.595      4.103      4.148      0.000
  2372      -2212  pbar-               91  2020     0     0     0     0     0     -0.744      3.846     32.537     32.786      0.938
  2373        211  pi+                 91  2020     0     0     0     0     0     -0.118      1.018      8.933      8.993      0.140
  2374       2212  p+                  91  2034     0     0     0     0     0      0.122      0.980    -13.268     13.337      0.938
  2375       -211  pi-                 91  2034     0     0     0     0     0      0.051      0.060     -1.026      1.038      0.140
  2376       2112  n0                  91  2040     0     0     0     0     0      0.603     -0.070     -5.285      5.402      0.940
  2377        111  (pi0)              -91  2040     0  2465  2466     0     0      0.049      0.095     -0.944      0.960      0.135
  2378         22  gamma               91  2046     0     0     0     0     0      0.075     -0.167     -0.312      0.361      0.000
  2379         22  gamma               91  2046     0     0     0     0     0      0.133     -0.038     -0.212      0.253      0.000
  2380         22  gamma               91  2051     0     0     0     0     0      0.076      0.034     -0.039      0.092      0.000
  2381         22  gamma               91  2051     0     0     0     0     0      0.210     -0.122     -0.049      0.248      0.000
  2382        -16  nu_taubar           91  2052     0     0     0     0     0      0.601     -4.260     -2.737      5.099      0.000
  2383         15  (tau-)             -91  2052     0  2467  2469     0     0      5.823    -26.994    -12.377     30.314      1.777
  2384        413  (D*+)              -91  2052     0  2470  2471     0     0      2.234    -19.651     -9.268     21.934      2.010
  2385         22  gamma               91  2054     0     0     0     0     0      0.093     -0.298     -0.040      0.314      0.000
  2386         22  gamma               91  2054     0     0     0     0     0     -0.014     -0.501     -0.018      0.501      0.000
  2387         22  gamma               91  2055     0     0     0     0     0     -0.006     -0.544     -0.275      0.609      0.000
  2388         22  gamma               91  2055     0     0     0     0     0      0.031     -0.479     -0.113      0.493      0.000
  2389         22  gamma               91  2056     0     0     0     0     0     -0.013     -0.868     -0.177      0.886      0.000
  2390         22  gamma               91  2056     0     0     0     0     0      0.077     -0.358     -0.103      0.380      0.000
  2391         22  gamma               91  2065     0     0     0     0     0     -0.011      0.013      5.391      5.391      0.000
  2392         22  gamma               91  2065     0     0     0     0     0      0.011     -0.047      0.739      0.740      0.000
  2393         22  gamma               91  2070     0     0     0     0     0     -0.019      0.052      0.575      0.578      0.000
  2394         22  gamma               91  2070     0     0     0     0     0      0.181      0.261      5.048      5.058      0.000
  2395       2212  p+                  91  2085     0     0     0     0     0     -0.188     -0.040    -27.473     27.490      0.938
  2396       -211  pi-                 91  2085     0     0     0     0     0      0.044     -0.010     -7.503      7.505      0.140
  2397      -2212  pbar-               91  2087     0     0     0     0     0      0.172     -0.268    -12.398     12.438      0.938
  2398        211  pi+                 91  2087     0     0     0     0     0     -0.014      0.036     -1.114      1.124      0.140
  2399       2212  p+                  91  2089     0     0     0     0     0      0.305     -0.530     -3.225      3.414      0.938
  2400       -211  pi-                 91  2089     0     0     0     0     0     -0.053     -0.143     -0.636      0.668      0.140
  2401      -2112  nbar0               91  2091     0     0     0     0     0     -0.365     -2.000     -4.266      4.818      0.940
  2402        111  (pi0)              -91  2091     0  2472  2473     0     0     -0.050     -0.311     -0.945      1.006      0.135
  2403         13  mu-                 91  2095     0     0     0     0     0     -0.058     -2.821      4.691      5.475      0.106
  2404        -14  nu_mubar            91  2095     0     0     0     0     0     -0.048     -6.379     10.601     12.373      0.000
  2405        313  (K*0)              -91  2095     0  2474  2475     0     0     -1.088     -7.571     11.854     14.138      0.932
  2406        211  pi+                 91  2096     0     0     0     0     0     -0.306     -2.642      5.062      5.720      0.140
  2407       -211  pi-                 91  2096     0     0     0     0     0      0.013     -0.852      1.283      1.546      0.140
  2408        111  (pi0)              -91  2096     0  2476  2477     0     0     -0.339     -4.532      8.195      9.372      0.135
  2409         22  gamma               91  2102     0     0     0     0     0      0.386     -0.915    -37.397     37.410      0.000
  2410         22  gamma               91  2102     0     0     0     0     0      0.286     -0.755    -26.282     26.294      0.000
  2411         22  gamma               91  2109     0     0     0     0     0      0.136     -0.244    -19.565     19.567      0.000
  2412         22  gamma               91  2109     0     0     0     0     0     -0.006     -0.057     -9.415      9.415      0.000
  2413         22  gamma               91  2110     0     0     0     0     0      0.034     -0.009    -10.900     10.900      0.000
  2414         22  gamma               91  2110     0     0     0     0     0      0.174     -0.154    -19.244     19.246      0.000
  2415         22  gamma               91  2111     0     0     0     0     0      0.380     -0.055    -45.179     45.181      0.000
  2416         22  gamma               91  2111     0     0     0     0     0      0.016     -0.027     -1.603      1.604      0.000
  2417         22  gamma               91  2112     0     0     0     0     0      0.136     -0.182    -11.427     11.430      0.000
  2418         22  gamma               91  2112     0     0     0     0     0      0.036     -0.004     -5.996      5.996      0.000
  2419         22  gamma               91  2117     0     0     0     0     0      0.057     -0.084    -12.942     12.942      0.000
  2420         22  gamma               91  2117     0     0     0     0     0      0.016     -0.081    -39.805     39.805      0.000
  2421         22  gamma               91  2120     0     0     0     0     0      0.206      0.286     33.550     33.552      0.000
  2422         22  gamma               91  2120     0     0     0     0     0      0.094      0.091      6.866      6.867      0.000
  2423         22  gamma               91  2134     0     0     0     0     0     -0.051      0.002      0.664      0.666      0.000
  2424         22  gamma               91  2134     0     0     0     0     0     -0.484      0.068      2.759      2.802      0.000
  2425         22  gamma               91  2135     0     0     0     0     0     -0.037     -0.002      0.117      0.123      0.000
  2426         22  gamma               91  2135     0     0     0     0     0     -0.383      0.050      3.624      3.645      0.000
  2427         22  gamma               91  2136     0     0     0     0     0     -0.058     -0.020      0.214      0.223      0.000
  2428         22  gamma               91  2136     0     0     0     0     0     -0.201     -0.104      2.380      2.391      0.000
  2429         22  gamma               91  2143     0     0     0     0     0     -0.062     -0.268     -0.248      0.370      0.000
  2430         22  gamma               91  2143     0     0     0     0     0      0.055     -0.135     -0.078      0.165      0.000
  2431         22  gamma               91  2146     0     0     0     0     0      0.022     -0.156     -0.113      0.194      0.000
  2432         22  gamma               91  2146     0     0     0     0     0      0.102     -0.235     -0.424      0.496      0.000
  2433         22  gamma               91  2151     0     0     0     0     0     -0.156     -0.012     -0.960      0.973      0.000
  2434         22  gamma               91  2151     0     0     0     0     0     -0.064     -0.112     -0.923      0.932      0.000
  2435         22  gamma               91  2152     0     0     0     0     0     -0.058     -0.076     -0.432      0.442      0.000
  2436         22  gamma               91  2152     0     0     0     0     0      0.035      0.005     -0.036      0.050      0.000
  2437         22  gamma               91  2153     0     0     0     0     0     -0.064     -0.128     -0.247      0.285      0.000
  2438         22  gamma               91  2153     0     0     0     0     0     -0.067      0.002     -0.285      0.293      0.000
  2439         22  gamma               91  2155     0     0     0     0     0     -0.013      0.030     -0.051      0.061      0.000
  2440         22  gamma               91  2155     0     0     0     0     0     -0.044     -0.084     -0.703      0.709      0.000
  2441         22  gamma               91  2160     0     0     0     0     0      0.232     -0.657     -8.233      8.263      0.000
  2442         22  gamma               91  2160     0     0     0     0     0      0.444     -0.889    -13.035     13.073      0.000
  2443         22  gamma               91  2165     0     0     0     0     0      0.139      0.152     -1.876      1.887      0.000
  2444         22  gamma               91  2165     0     0     0     0     0     -0.003     -0.016     -0.045      0.048      0.000
  2445         22  gamma               91  2172     0     0     0     0     0      0.208      0.122     -0.426      0.490      0.000
  2446         22  gamma               91  2172     0     0     0     0     0      0.076     -0.036     -0.125      0.151      0.000
  2447         22  gamma               91  2181     0     0     0     0     0      0.038      0.127      0.027      0.135      0.000
  2448         22  gamma               91  2181     0     0     0     0     0      0.029      0.141      0.203      0.249      0.000
  2449         22  gamma               91  2184     0     0     0     0     0      0.205     -0.274      1.227      1.274      0.000
  2450         22  gamma               91  2184     0     0     0     0     0      0.012     -0.086      0.575      0.582      0.000
  2451         22  gamma               91  2251     0     0     0     0     0     -0.021     -0.232     -6.629      6.633      0.000
  2452         22  gamma               91  2251     0     0     0     0     0     -0.066     -0.027     -1.926      1.927      0.000
  2453         22  gamma               91  2252     0     0     0     0     0      0.020      0.012     -0.057      0.062      0.000
  2454         22  gamma               91  2252     0     0     0     0     0      0.024     -0.187     -1.502      1.514      0.000
  2455         22  gamma               91  2303     0     0     0     0     0      0.010     -0.767     45.215     45.221      0.000
  2456         22  gamma               91  2303     0     0     0     0     0      0.002      0.006      0.313      0.313      0.000
  2457         22  gamma               91  2304     0     0     0     0     0      0.116     -0.193      8.518      8.521      0.000
  2458         22  gamma               91  2304     0     0     0     0     0      0.116     -0.628     24.294     24.303      0.000
  2459         22  gamma               91  2305     0     0     0     0     0     -0.083      0.017     -5.931      5.932      0.000
  2460         22  gamma               91  2305     0     0     0     0     0      0.026     -0.064     -4.524      4.524      0.000
  2461         22  gamma               91  2306     0     0     0     0     0      0.360      0.114    -35.858     35.860      0.000
  2462         22  gamma               91  2306     0     0     0     0     0      0.068     -0.022    -11.788     11.788      0.000
  2463         22  gamma               91  2369     0     0     0     0     0      0.011      0.034      0.753      0.754      0.000
  2464         22  gamma               91  2369     0     0     0     0     0      0.014      0.393      2.858      2.885      0.000
  2465         22  gamma               91  2377     0     0     0     0     0     -0.015      0.043     -0.711      0.713      0.000
  2466         22  gamma               91  2377     0     0     0     0     0      0.064      0.052     -0.233      0.247      0.000
  2467         16  nu_tau              91  2383     0     0     0     0     0      0.059     -0.045      0.019      0.077      0.000
  2468         13  mu-                 91  2383     0     0     0     0     0      2.857    -13.025     -6.579     14.870      0.106
  2469        -14  nu_mubar            91  2383     0     0     0     0     0      2.906    -13.924     -5.816     15.367      0.000
  2470        421  (D0)               -91  2384     0  2478  2480     0     0      2.081    -18.467     -8.736     20.619      1.865
  2471        211  pi+                 91  2384     0     0     0     0     0      0.153     -1.184     -0.533      1.315      0.140
  2472         22  gamma               91  2402     0     0     0     0     0     -0.094     -0.255     -0.746      0.794      0.000
  2473         22  gamma               91  2402     0     0     0     0     0      0.044     -0.056     -0.199      0.212      0.000
  2474        311  (K0)               -91  2405     0  2481  2481     0     0     -0.217     -2.884      4.657      5.504      0.498
  2475        111  (pi0)              -91  2405     0  2482  2483     0     0     -0.871     -4.687      7.197      8.633      0.135
  2476         22  gamma               91  2408     0     0     0     0     0     -0.286     -4.250      7.684      8.786      0.000
  2477         22  gamma               91  2408     0     0     0     0     0     -0.054     -0.282      0.511      0.586      0.000
  2478        -13  mu+                 91  2470     0     0     0     0     0     -0.066     -0.486     -0.363      0.619      0.106
  2479         14  nu_mu               91  2470     0     0     0     0     0      0.816     -5.073     -1.792      5.442      0.000
  2480       -321  K-                  91  2470     0     0     0     0     0      1.331    -12.908     -6.581     14.558      0.494
  2481        310  (K_S0)             -91  2474  2474  2484  2485     0     0     -0.217     -2.884      4.657      5.504      0.498
  2482         22  gamma               91  2475     0     0     0     0     0     -0.731     -3.941      6.139      7.332      0.000
  2483         22  gamma               91  2475     0     0     0     0     0     -0.140     -0.745      1.058      1.302      0.000
  2484        211  pi+                 91  2481     0     0     0     0     0      0.000     -0.333      0.733      0.817      0.140
  2485       -211  pi-                 91  2481     0     0     0     0     0     -0.217     -2.551      3.924      4.687      0.140
                                   Charge sum:  2.000           Momentum sum:     -0.000     -0.000     -0.000  13000.000  13000.000

 --------  End PYTHIA Event Listing  -----------------------------------------------------------------------------------------------
 PYTHIA Error in StringFragmentation::fragmentToJunction: Too many attempts to fragment junction
 PYTHIA Error in Pythia::next: hadronLevel failed; try again
 PYTHIA Warning in Pythia::check: energy-momentum not quite conserved

 Pythia::next(): 1000 events have been generated 

 Pythia::next(): 2000 events have been generated 

 Pythia::next(): 3000 events have been generated 

 Pythia::next(): 4000 events have been generated 

 Pythia::next(): 5000 events have been generated 

 Pythia::next(): 6000 events have been generated 
 PYTHIA Warning in SimpleSpaceShower::pT2nextQCD: weight above unity

 Pythia::next(): 7000 events have been generated 

 Pythia::next(): 8000 events have been generated 

 Pythia::next(): 9000 events have been generated 

 *-------  PYTHIA Event and Cross Section Statistics  -------------------------------------------------------------*
 |                                                                                                                 |
 | Subprocess                                    Code |            Number of events       |      sigma +- delta    |
 |                                                    |       Tried   Selected   Accepted |     (estimated) (mb)   |
 |                                                    |                                   |                        |
 |-----------------------------------------------------------------------------------------------------------------|
 |                                                    |                                   |                        |
 | q qbar -> t tbar                               602 |      146556      10000      10000 |   6.572e-08  3.431e-10 |
 |                                                    |                                   |                        |
 | sum                                                |      146556      10000      10000 |   6.572e-08  3.431e-10 |
 |                                                                                                                 |
 *-------  End PYTHIA Event and Cross Section Statistics ----------------------------------------------------------*

 *-------  PYTHIA Error and Warning Messages Statistics  ----------------------------------------------------------* 
 |                                                                                                                 | 
 |  times   message                                                                                                | 
 |                                                                                                                 | 
 |     23   Error in Pythia::next: hadronLevel failed; try again                                                   | 
 |     23   Error in StringFragmentation::fragmentToJunction: Too many attempts to fragment junction               | 
 |      1   Warning in Pythia::check: energy-momentum not quite conserved                                          | 
 |      3   Warning in SimpleSpaceShower::pT2nextQCD: weight above unity                                           | 
 |                                                                                                                 | 
 *-------  End PYTHIA Error and Warning Messages Statistics  ------------------------------------------------------* 

========================================
pp -> ttbar (qqbar channel)
Generated events: 10000
Accepted events:  10000
sigma = 6.572e+01 +- 3.431e-01 pb
========================================
